customerID,tenure,MonthlyCharges,ChurnProbability,RiskSegment,ActualChurn,AnnualRevenue,ExpectedRevenueAtRisk,RetentionPriorityScore,RetentionPriority
1400-MMYXY,3,105.9,0.89884907,Critical,1,1270.8000000000002,1142.257398247719,95.18811652064323,Urgent
6861-XWTWQ,7,99.25,0.9465406,Critical,1,1191.0,1127.329847574234,93.9441539645195,Urgent
7181-BQYBV,1,102.45,0.89922243,Critical,1,1229.4,1105.5040598273279,92.12533831894397,Urgent
8884-ADFVN,7,101.95,0.9035902,Critical,1,1223.4,1105.4522535324097,92.12102112770081,Urgent
0655-RBDUG,7,98.05,0.92835754,Critical,1,1176.6,1092.3054834008217,91.02545695006847,Urgent
6023-YEBUP,3,100.95,0.89856505,Critical,1,1211.4,1088.5217063426971,90.71014219522476,Urgent
2754-SDJRD,8,100.15,0.89089346,Critical,0,1201.8000000000002,1070.6757594108583,89.22297995090486,Urgent
0295-PPHDO,1,95.45,0.92822933,Critical,1,1145.4,1063.1938768386842,88.599489736557,Urgent
5178-LMXOP,1,95.1,0.9312826,Critical,1,1141.1999999999998,1062.7796801805493,88.56497334837913,Urgent
4587-VVTOX,6,105.3,0.83672553,Critical,1,1263.6,1057.286383509636,88.107198625803,Urgent
4445-ZJNMU,9,99.3,0.87651306,Critical,0,1191.6,1044.4529669523238,87.037747246027,Urgent
9057-SIHCH,3,96.6,0.8930508,Critical,1,1159.1999999999998,1035.2244755744932,86.26870629787444,Urgent
5419-CONWX,4,99.8,0.84362245,Critical,1,1197.6,1010.3222414016723,84.19352011680603,Urgent
3006-XIMLN,2,94.2,0.8909584,Critical,1,1130.4,1007.1394074440003,83.92828395366669,Urgent
6857-VWJDT,1,95.65,0.8744319,Critical,1,1147.8000000000002,1003.6729441523554,83.63941201269627,Urgent
5052-PNLOS,3,105.35,0.7802988,Critical,1,1264.1999999999998,986.4537797212599,82.20448164343833,Urgent
8161-QYMTT,7,94.1,0.86798257,Critical,0,1129.1999999999998,980.1259139299391,81.6771594941616,Urgent
1069-XAIEM,1,85.05,0.94625807,Critical,1,1020.5999999999999,965.7509842872619,80.47924869060516,Urgent
0970-ETWGE,1,89.55,0.8830839,Critical,1,1074.6,948.9619373917578,79.08016144931317,Urgent
2025-JKFWI,13,99.0,0.7979053,Critical,1,1188.0,947.9115271568298,78.99262726306915,Urgent
2027-FECZV,12,106.7,0.73941755,High,1,1280.4,946.7502347946167,78.8958528995514,Urgent
0871-URUWO,13,102.25,0.77053,Critical,1,1227.0,945.4402921199799,78.78669100999832,Urgent
4927-WWOOZ,2,91.45,0.86139965,Critical,0,1097.4,945.2999765396119,78.77499804496766,Urgent
6137-NICCO,6,94.05,0.83384174,Critical,0,1128.6,941.0737889885902,78.42281574904918,Urgent
5167-ZFFMM,1,90.85,0.8619978,Critical,1,1090.1999999999998,939.7499832272528,78.31249860227108,Urgent
3722-WPXTK,1,88.35,0.87686235,Critical,1,1060.1999999999998,929.6494604229925,77.47078836858272,Urgent
8622-ZLFKO,6,90.75,0.85213625,Critical,0,1089.0,927.976380944252,77.33136507868767,Urgent
9221-OTIVJ,14,104.85,0.73565537,High,1,1258.1999999999998,925.6015832304953,77.13346526920795,Urgent
8245-UMPYT,16,96.4,0.7973049,Critical,1,1156.8000000000002,922.3223410606386,76.86019508838655,Urgent
6328-ZPBGN,11,95.15,0.8002429,Critical,1,1141.8000000000002,913.7173441886903,76.14311201572418,Urgent
3320-VEOYC,14,95.6,0.7964422,Critical,0,1147.1999999999998,913.6785040855407,76.13987534046173,Urgent
1731-TVIUK,4,93.5,0.8120164,Critical,1,1122.0,911.0824316740036,75.92353597283363,Urgent
6230-BSUXY,1,85.0,0.88784623,Critical,1,1020.0,905.6031560897827,75.46692967414856,Urgent
8593-WHYHV,3,85.3,0.8833027,Critical,1,1023.5999999999999,904.1486320495604,75.34571933746338,Urgent
2202-CUYXZ,1,84.85,0.8859297,Critical,1,1018.1999999999999,902.0536243200302,75.17113536000251,Urgent
1143-NMNQJ,2,85.7,0.8708338,Critical,1,1028.4,895.565494465828,74.63045787215233,Urgent
4735-ASGMA,26,98.35,0.7552327,Critical,1,1180.1999999999998,891.325622820854,74.27713523507117,Urgent
1628-BIZYP,1,85.0,0.8735348,Critical,0,1020.0,891.005494594574,74.25045788288116,Urgent
4686-UXDML,21,99.85,0.7421072,High,0,1198.1999999999998,889.1928620696067,74.09940517246723,Urgent
2545-EBUPK,2,84.05,0.87952965,Critical,0,1008.5999999999999,887.0936100125311,73.92446750104428,Urgent
6969-MVBAI,9,90.1,0.81401634,Critical,0,1081.1999999999998,880.1144691467283,73.34287242889404,Urgent
3585-ISXZP,8,95.65,0.7655592,Critical,1,1147.8000000000002,878.7088457107545,73.22573714256288,Urgent
2034-GDRCN,2,90.4,0.80541086,Critical,1,1084.8000000000002,873.709703063965,72.80914192199708,Urgent
2865-TCHJW,4,89.2,0.81609416,Critical,1,1070.4,873.547188949585,72.79559907913209,Urgent
2514-GINMM,1,79.5,0.9100737,Critical,1,954.0,868.2103074789047,72.3508589565754,Urgent
4750-ZRXIU,4,84.6,0.85373724,Critical,1,1015.1999999999999,866.7140410423278,72.22617008686065,Urgent
9248-OJYKK,1,76.45,0.93326306,Critical,1,917.4000000000001,856.1755343914033,71.3479611992836,Urgent
2609-IAICY,1,77.15,0.923717,Critical,1,925.8000000000001,855.1772189140321,71.264768242836,Urgent
0235-KGSLC,1,85.55,0.8292175,Critical,1,1026.6,851.2746788620948,70.93955657184124,Urgent
7056-IMHCC,53,101.9,0.695152,High,1,1222.8000000000002,850.0318468809129,70.83598724007607,Urgent
6892-XPFPU,24,104.25,0.6790328,High,1,1251.0,849.4700360298157,70.7891696691513,Urgent
2665-NPTGL,26,98.1,0.7208161,High,0,1177.1999999999998,848.5446844339369,70.71205703616143,Urgent
6630-UJZMY,4,83.25,0.847373,Critical,0,999.0,846.5256357192993,70.54380297660828,Urgent
2254-DLXRI,1,79.15,0.8892313,Critical,0,949.8000000000001,844.5919117212296,70.38265931010247,Urgent
1751-NCDLI,46,98.85,0.7118263,High,0,1186.1999999999998,844.3683860778807,70.36403217315673,Urgent
0952-KMEEH,13,98.15,0.7113301,High,1,1177.8000000000002,837.8046103835107,69.81705086529256,Urgent
9507-EXLTT,1,79.35,0.87934375,Critical,1,952.1999999999999,837.3111169338225,69.77592641115189,Urgent
6821-BUXUX,13,96.65,0.72118473,High,1,1159.8000000000002,836.430050468445,69.70250420570373,Urgent
9611-CTWIH,3,89.45,0.77146316,Critical,1,1073.4,828.0885513782501,69.00737928152084,Urgent
6979-ZNSFF,8,87.05,0.7922772,Critical,1,1044.6,827.6127807855605,68.96773173213005,Urgent
5698-BQJOH,9,94.4,0.7303957,High,1,1132.8000000000002,827.3922203063967,68.94935169219971,Urgent
8739-XNIKG,5,84.0,0.81984997,Critical,0,1008.0,826.4087677001953,68.86739730834961,Urgent
8821-XNHVZ,1,80.05,0.85844505,Critical,1,960.5999999999999,824.6223134279251,68.71852611899375,Urgent
1448-PWKYE,1,80.0,0.8494347,Critical,1,960.0,815.4572868347168,67.95477390289307,Urgent
6372-RFVNS,1,78.8,0.86197543,Critical,1,945.5999999999999,815.0839679718017,67.92366399765014,Urgent
3292-PBZEJ,11,111.4,0.60939384,High,0,1336.8000000000002,814.637678718567,67.88647322654724,Urgent
7952-OBOYL,3,89.85,0.74604446,High,0,1078.1999999999998,804.3851334929465,67.03209445774554,Urgent
7249-WBIYX,10,85.6,0.779248,Critical,1,1027.1999999999998,800.443544769287,66.70362873077391,Urgent
8397-MVTAZ,34,100.05,0.66419345,High,1,1200.6,797.4306577563285,66.45255481302738,Urgent
8709-KRDVL,33,100.0,0.6635379,High,0,1200.0,796.2455034255981,66.35379195213318,Urgent
6651-AZVTJ,49,99.8,0.66080296,High,1,1197.6,791.3776253700256,65.94813544750214,Urgent
5196-SGOAK,1,75.7,0.8700971,Critical,1,908.4000000000001,790.3962063074113,65.8663505256176,Urgent
4415-IJZTP,1,74.5,0.88322353,Critical,1,894.0,789.6018390655518,65.80015325546265,Urgent
9420-LOJKX,15,99.1,0.6614794,High,1,1189.1999999999998,786.6313185453414,65.55260987877845,Urgent
2867-UIMSS,1,80.5,0.8122909,Critical,1,966.0,784.6730160713196,65.3894180059433,Urgent
0432-CAJZV,3,90.7,0.72071147,High,0,1088.4,784.4223635673524,65.36853029727936,Urgent
7180-PISOG,1,74.5,0.8737365,Critical,1,894.0,781.1204316616058,65.09336930513382,Urgent
5331-RGMTT,54,99.05,0.6513825,High,0,1188.6,774.2332465052604,64.5194372087717,Urgent
7218-HKQFK,2,94.2,0.68455166,High,1,1130.4,773.817192220688,64.48476601839066,Urgent
0876-WDUUZ,5,85.4,0.75313884,Critical,1,1024.8000000000002,771.8166834354402,64.31805695295334,Urgent
4713-LZDRV,2,79.6,0.80629176,Critical,1,955.1999999999999,770.1698882102966,64.18082401752471,Urgent
2439-LYPMQ,38,102.6,0.623063,High,0,1231.1999999999998,767.1151998996734,63.92626665830612,Urgent
5382-SOYZL,22,95.1,0.672041,High,0,1141.1999999999998,766.9331879854201,63.911098998785015,Urgent
8258-GSTJK,3,77.0,0.8269941,Critical,1,924.0,764.1425678730011,63.67854732275009,Urgent
8938-UMKPI,47,106.4,0.5984318,High,1,1276.8000000000002,764.0777549743653,63.67314624786377,Urgent
7209-JCUDS,10,94.9,0.6696826,High,1,1138.8000000000002,762.6345698833467,63.55288082361222,Urgent
9741-YLNTD,6,87.95,0.72041106,High,0,1055.4,760.3218350887299,63.36015292406082,Urgent
2452-KDRRH,67,101.4,0.62287825,High,0,1216.8000000000002,757.9182588100434,63.15985490083695,Urgent
3707-GNWHM,1,74.25,0.8491554,Critical,1,891.0,756.597484588623,63.049790382385254,Urgent
4706-AXVKM,11,84.8,0.7433636,High,1,1017.5999999999999,756.4468185424804,63.03723487854004,Urgent
5129-JLPIS,25,105.5,0.595855,High,0,1266.0,754.3524270057678,62.86270225048065,Urgent
5357-TZHPP,9,84.4,0.7440584,High,1,1012.8000000000001,753.5823177337647,62.79852647781372,Urgent
6910-HADCM,1,76.35,0.822279,Critical,1,916.1999999999999,753.3719982147217,62.7809998512268,Urgent
9692-TUSXH,18,96.05,0.65204924,High,1,1152.6,751.5519580006599,62.629329833388326,Urgent
3338-CVVEH,12,94.55,0.66154826,High,0,1134.6,750.5926522493362,62.549387687444685,Urgent
6543-XRMYR,30,99.7,0.61817914,High,1,1196.4,739.5895260572433,61.63246050477028,Urgent
9279-CJEOJ,21,95.4,0.64589584,High,0,1144.8000000000002,739.4215561866762,61.61846301555634,Urgent
2985-FMWYF,23,93.5,0.655038,High,0,1122.0,734.95263504982,61.24605292081833,Urgent
7181-OQCUT,21,103.85,0.5880925,High,0,1246.1999999999998,732.8808808922767,61.073406741023064,Urgent
6899-PPEEA,37,96.55,0.63243395,High,1,1158.6,732.737975513935,61.06149795949459,Urgent
8752-STIVR,4,79.0,0.7694179,Critical,1,948.0,729.4081521034241,60.78401267528534,Urgent
8775-ERLNB,1,74.3,0.81709796,Critical,0,891.5999999999999,728.5245428323746,60.71037856936454,Urgent
8739-WWKDU,25,89.5,0.6772991,High,1,1074.0,727.4192143678665,60.618267863988876,Urgent
7029-RPUAV,17,100.45,0.60274565,High,1,1205.4,726.5496091604233,60.54580076336861,Urgent
4817-VYYWS,30,100.2,0.60214,High,1,1202.4,724.0131473064423,60.33442894220352,Urgent
3519-ZKXGG,3,75.85,0.7939766,Critical,1,910.1999999999999,722.6775058150291,60.22312548458576,Urgent
8443-ZRDBZ,4,76.05,0.7897792,Critical,1,912.5999999999999,720.7524853706359,60.06270711421966,Urgent
3524-WQDSG,43,99.3,0.60362405,High,0,1191.6,719.2784130334853,59.93986775279045,Urgent
8375-DKEBR,1,69.6,0.85330826,Critical,1,835.1999999999999,712.6830591201782,59.390254926681514,Urgent
7495-OOKFY,8,80.65,0.7330618,High,1,967.8000000000001,709.4572008132935,59.121433401107794,Urgent
0390-DCFDQ,1,70.45,0.8356668,Critical,1,845.4000000000001,706.4726921796799,58.87272434830666,Urgent
7817-BOQPW,2,75.55,0.7771719,Critical,1,906.5999999999999,704.5840534329413,58.71533778607845,Urgent
7409-KIUTL,1,71.0,0.8247456,Critical,1,852.0,702.6832473278046,58.55693727731705,Urgent
5380-WJKOV,34,106.35,0.5504162,High,1,1276.1999999999998,702.441118133068,58.536759844422335,Urgent
0679-IDSTG,1,69.25,0.8446109,Critical,1,831.0,701.8716824054718,58.48930686712265,Urgent
8083-YTZES,4,74.35,0.78596985,Critical,1,892.1999999999999,701.2423032045364,58.43685860037803,Urgent
7235-NXZCP,2,74.85,0.7806874,Critical,1,898.1999999999999,701.2134152770042,58.43445127308368,Urgent
9334-GWGOW,7,74.85,0.78028405,Critical,0,898.1999999999999,700.8511311292648,58.404260927438735,Urgent
3422-LYEPQ,1,71.0,0.8182482,Critical,1,852.0,697.1474769115448,58.09562307596207,Urgent
8361-LTMKD,4,74.4,0.7795103,Critical,1,892.8000000000001,695.9468130111695,57.99556775093079,Urgent
3244-DCJWY,1,70.25,0.82530546,Critical,1,843.0,695.7325043678284,57.97770869731903,Urgent
6661-HBGWL,42,104.75,0.5525962,High,1,1257.0,694.6134377717972,57.884453147649765,Urgent
8380-PEFPE,1,71.65,0.8076452,Critical,1,859.8000000000001,694.4133444070817,57.86777870059014,Urgent
9643-AVVWI,3,80.0,0.720638,High,0,960.0,691.8124580383301,57.65103816986084,Urgent
8132-YPVBX,6,85.95,0.6703078,High,0,1031.4,691.3554804682732,57.612956705689435,Urgent
4090-KPJIP,3,74.95,0.76853687,Critical,0,899.4000000000001,691.2220570206642,57.601838085055356,Urgent
1820-TQVEV,1,69.55,0.8255054,Critical,1,834.5999999999999,688.9667866945266,57.41389889121055,Urgent
7198-GLXTC,2,79.0,0.7267404,High,1,948.0,688.9499180316925,57.41249316930771,Urgent
5542-TBBWB,1,69.9,0.8209057,Critical,0,838.8000000000001,688.5756889343262,57.38130741119385,Urgent
9804-ICWBG,1,69.9,0.8209057,Critical,1,838.8000000000001,688.5756889343262,57.38130741119385,Urgent
5376-DEQCP,1,70.6,0.8117684,Critical,1,847.1999999999999,687.7301991462707,57.310849928855895,Urgent
1853-UDXBW,1,70.0,0.818683,Critical,1,840.0,687.6937437057495,57.307811975479126,Urgent
1587-FKLZB,66,99.5,0.5749604,High,1,1194.0,686.5027302503586,57.20856085419655,Urgent
1980-KXVPM,3,75.05,0.76051414,Critical,1,900.5999999999999,684.9190346002578,57.076586216688156,Urgent
4229-CZMLL,6,74.9,0.7619629,Critical,1,898.8000000000001,684.8522460937501,57.071020507812506,Urgent
3716-BDVDB,1,69.1,0.8233436,Critical,1,829.1999999999999,682.7164923906325,56.893041032552716,Urgent
4806-KEXQR,4,79.9,0.7112149,High,1,958.8000000000001,681.9128461360932,56.8260705113411,Urgent
5186-SAMNZ,1,69.5,0.81419533,Critical,1,834.0,679.0389093160629,56.58657577633858,Urgent
7005-CCBKV,6,84.4,0.6670546,High,1,1012.8000000000001,675.5928923606873,56.29940769672394,Urgent
2959-MJHIC,4,80.35,0.7003607,High,1,964.1999999999999,675.2878017783164,56.27398348152637,Urgent
1320-HTRDR,3,75.5,0.74288625,High,1,906.0,673.0549381971359,56.087911516427994,Urgent
8266-VBFQL,4,90.4,0.6193208,High,0,1084.8000000000002,671.8392145156862,55.986601209640504,Urgent
8699-ASUFO,7,74.4,0.7515092,Critical,1,892.8000000000001,670.9474044799805,55.91228370666504,Urgent
5628-FCGYG,21,84.1,0.6630436,High,0,1009.1999999999999,669.1436194896697,55.76196829080581,Urgent
4115-NZRKS,7,89.15,0.6233049,High,0,1069.8000000000002,666.8115857720376,55.5676321476698,Urgent
2077-MPJQO,7,75.4,0.73433733,High,0,904.8000000000001,664.4284160614014,55.36903467178345,Urgent
3030-YDNRM,8,74.85,0.7355553,High,0,898.1999999999999,660.6757625341415,55.05631354451179,Urgent
5159-YFPKQ,2,75.8,0.7233878,High,1,909.5999999999999,657.9935226917266,54.83279355764389,Urgent
9940-RHLFB,1,75.3,0.72744226,High,1,903.5999999999999,657.316830253601,54.77640252113342,Urgent
1379-FRVEB,15,91.0,0.60190153,High,0,1092.0,657.2764720916748,54.7730393409729,Urgent
3199-XGZCY,8,75.25,0.72468704,High,0,903.0,654.3923969864845,54.53269974887371,Urgent
8033-VCZGH,50,103.95,0.5227065,High,0,1247.4,652.0240988731384,54.335341572761536,Urgent
7363-QTBIW,9,79.75,0.68018436,High,0,957.0,650.9364366531372,54.2447030544281,Urgent
9878-TNQGW,2,80.95,0.66840327,High,1,971.4000000000001,649.2869343996049,54.1072445333004,Urgent
9054-FOWNV,22,88.75,0.605757,High,0,1065.0,645.1312029361725,53.760933578014374,Urgent
9851-KIELU,10,110.1,0.48716873,Medium,1,1321.1999999999998,643.6473251581191,53.63727709650993,Urgent
1522-VVDMG,7,89.75,0.597564,High,1,1077.0,643.576408624649,53.63136738538742,Urgent
2227-JRSJX,21,99.15,0.54078895,High,0,1189.8000000000002,643.4306909680367,53.61922424733639,Urgent
6856-RAURS,2,74.9,0.7154814,High,0,898.8000000000001,643.0746827602387,53.58955689668656,Urgent
1833-TCXKK,45,107.75,0.4967369,Medium,0,1293.0,642.2808296978474,53.523402474820614,Urgent
3312-UUMZW,32,98.85,0.5409479,High,0,1186.1999999999998,641.6724157333373,53.47270131111145,Urgent
0023-XUOPT,13,94.1,0.5677378,High,1,1129.1999999999998,641.0895438194274,53.42412865161896,Urgent
2845-HSJCY,14,87.25,0.61198866,High,1,1047.0,640.7521308660507,53.39601090550423,Urgent
3197-ARFOY,19,105.0,0.508182,High,0,1260.0,640.3093063831329,53.35910886526108,Urgent
2057-ZBLPD,21,86.5,0.6162038,High,1,1038.0,639.6195287704468,53.30162739753723,Urgent
0265-PSUAE,16,100.7,0.5266579,High,0,1208.4,636.4133814096451,53.03444845080376,Urgent
8873-GLDMH,6,73.85,0.71068794,High,0,886.1999999999999,629.8116483092308,52.48430402576923,Urgent
9747-DDZOS,1,73.5,0.71283925,High,1,882.0,628.7242147922516,52.393684566020966,Urgent
3908-BLSYF,6,83.9,0.6237028,High,1,1006.8000000000001,627.9440033197403,52.328666943311696,Urgent
6173-GOLSU,67,94.65,0.5525428,High,0,1135.8000000000002,627.5781186819078,52.29817655682564,Urgent
7130-VTEWQ,8,75.75,0.68953145,High,1,909.0,626.7840839624405,52.23200699687004,Urgent
8378-LKJAF,38,101.15,0.5156854,High,0,1213.8000000000002,625.9389136433603,52.16157613694668,Urgent
6377-WHAOX,60,106.15,0.48935467,Medium,0,1273.8000000000002,623.3399787068367,51.94499822556973,Urgent
0979-PHULV,69,99.45,0.51993227,High,1,1193.4,620.4871710777284,51.70726425647736,Urgent
8818-DOPVL,46,104.45,0.494411,Medium,0,1253.4,619.69473695755,51.64122807979584,Urgent
3587-PMCOY,10,98.9,0.5211486,High,0,1186.8000000000002,618.4991846323014,51.54159871935845,Urgent
8541-QVFKM,8,73.5,0.70117396,High,0,882.0,618.4354337453842,51.536286145448685,Urgent
6319-IEJWJ,20,90.2,0.5676583,High,1,1082.4,614.4333495140077,51.2027791261673,Urgent
2737-YNGYW,2,80.55,0.6347303,High,1,966.5999999999999,613.5302881121635,51.12752400934696,Urgent
6376-GAHQE,4,77.85,0.65562725,High,1,934.1999999999999,612.4869775772095,51.04058146476745,Urgent
0524-IAVZO,30,85.0,0.5999588,High,1,1020.0,611.9579529762268,50.996496081352234,Urgent
7912-SYRQT,7,75.1,0.67750263,High,1,901.1999999999999,610.5653720855712,50.880447673797605,Urgent
3672-YITQD,36,84.1,0.6003298,High,1,1009.1999999999999,605.8528506517409,50.48773755431175,Urgent
9685-WKZGT,14,74.95,0.6730812,High,1,899.4000000000001,605.3692485451699,50.44743737876416,Urgent
1956-YIFGE,22,100.05,0.50419503,High,0,1200.6,605.3365584254265,50.44471320211887,Urgent
8393-DLHGA,25,95.9,0.5233742,High,1,1150.8000000000002,602.2990292072298,50.19158576726914,Urgent
7354-OIJLX,9,75.85,0.6607048,High,0,910.1999999999999,601.373501265049,50.11445843875408,Urgent
4919-IKATY,5,84.5,0.5902352,High,1,1014.0,598.4984661340714,49.87487217783928,Urgent
9927-DSWDF,22,104.6,0.47392857,Medium,0,1255.1999999999998,594.8751420021056,49.57292850017547,Urgent
4631-OACRM,15,79.4,0.62167895,High,1,952.8000000000001,592.3357020378113,49.361308503150944,Urgent
2694-CIUMO,12,79.55,0.62037355,High,0,954.5999999999999,592.2085880398749,49.35071566998958,Urgent
7861-UVUFT,15,84.3,0.58030075,High,1,1011.5999999999999,587.0322370290755,48.9193530857563,Urgent
2800-QQUSO,42,100.3,0.48664075,Medium,0,1203.6,585.7208083391189,48.81006736159325,Urgent
4647-MUZON,18,95.95,0.5084313,High,0,1151.4,585.4078165769578,48.783984714746474,Urgent
0258-NOKBL,3,90.4,0.5392368,High,0,1084.8000000000002,584.9640632629396,48.747005271911625,Urgent
4658-HCOHW,21,102.8,0.47080058,Medium,1,1233.6,580.7795937538147,48.39829947948456,Urgent
8212-DJRCH,5,90.35,0.5351604,High,0,1084.1999999999998,580.2209298849104,48.35174415707588,Urgent
0576-WNXXC,27,95.55,0.5054058,High,1,1146.6,579.498271536827,48.291522628068925,Urgent
2604-IJPDU,20,96.55,0.4974745,Medium,0,1158.6,576.3739459633827,48.03116216361523,Urgent
0004-TLHLJ,4,73.9,0.6499351,High,1,886.8000000000001,576.3624700069428,48.0302058339119,Urgent
1867-BDVFH,11,74.35,0.6456739,High,1,892.1999999999999,576.0702277421951,48.00585231184959,Urgent
1112-CUNAO,15,89.85,0.532859,High,1,1078.1999999999998,574.5286033272743,47.87738361060619,Urgent
2761-OCIAX,2,74.7,0.6382504,High,1,896.4000000000001,572.1276680231095,47.67730566859245,Urgent
7928-VJYAB,11,90.6,0.52563065,High,0,1087.1999999999998,571.4656458377838,47.62213715314865,Urgent
5144-TVGLP,38,94.75,0.5005478,High,0,1137.0,569.1228784918785,47.426906540989876,Urgent
5339-PXDVH,4,90.65,0.5214777,High,0,1087.8000000000002,567.2634412765503,47.271953439712526,Urgent
4283-FUTGF,19,79.85,0.59170353,High,1,958.1999999999999,566.9703263998031,47.247527199983594,Urgent
7748-UMTRK,30,101.3,0.4651332,Medium,0,1215.6,565.4159059524536,47.11799216270447,Urgent
1236-WFCDV,14,90.45,0.51925933,High,1,1085.4,563.6040807008744,46.967006725072864,Urgent
2860-RANUS,20,85.8,0.5424144,High,1,1029.6,558.4698938369751,46.53915781974792,Urgent
6712-OAWRH,26,91.25,0.50704086,High,1,1095.0,555.2097398042679,46.267478317022324,Urgent
3627-FHKBK,1,75.3,0.60956675,High,1,903.5999999999999,550.8045136213302,45.900376135110854,Urgent
4301-VVZKA,16,75.4,0.60863745,High,0,904.8000000000001,550.695166683197,45.89126389026642,Urgent
3721-CNEYS,2,70.95,0.64587206,High,1,851.4000000000001,549.8954688906671,45.82462240755558,Urgent
7278-CKDNC,24,80.5,0.5690996,High,0,966.0,549.7502185106277,45.81251820921898,Urgent
0376-YMCJC,23,90.6,0.5046092,High,1,1087.1999999999998,548.6111517906188,45.71759598255157,Urgent
9840-DVNDC,6,80.5,0.564499,High,1,966.0,545.3060538768768,45.4421711564064,Urgent
4873-ILOLJ,24,90.35,0.5015479,High,1,1084.1999999999998,543.7782039284705,45.31485032737255,Urgent
6175-IRFIT,5,78.75,0.57369924,High,0,945.0,542.1457779407501,45.17881482839584,Urgent
4342-HENTK,2,70.65,0.63549143,High,1,847.8000000000001,538.7696349978447,44.89746958315373,Urgent
5889-JTMUL,50,95.05,0.47145462,Medium,1,1140.6,537.7411399841308,44.811761665344235,Urgent
0923-PNFUB,3,83.75,0.5345118,High,1,1005.0,537.1843636035919,44.76536363363266,Urgent
6000-APYLU,9,80.8,0.55335325,High,1,969.5999999999999,536.531311225891,44.710942602157594,Urgent
8058-DMYRU,54,90.05,0.49639666,Medium,0,1080.6,536.4062316656112,44.7005193054676,Urgent
9779-DPNEJ,22,80.15,0.5554522,High,0,961.8000000000001,534.233952498436,44.519496041536335,Urgent
3858-VOBET,23,74.95,0.5936966,High,1,899.4000000000001,533.9707168579102,44.49755973815918,Urgent
9167-APMXZ,22,84.15,0.52415055,High,0,1009.8000000000001,529.2872257590294,44.10726881325245,Urgent
7571-YXDAD,2,74.9,0.58685297,High,1,898.8000000000001,527.4634474039078,43.95528728365898,Urgent
1902-XBTFB,22,89.4,0.48908117,Medium,1,1072.8000000000002,524.6862836122514,43.72385696768761,Urgent
9717-QEBGU,2,70.3,0.621329,High,0,843.5999999999999,524.1531524419784,43.67942937016487,Urgent
6507-ZJSUR,23,90.45,0.4822274,Medium,0,1085.4,523.4096360743047,43.61746967285872,Urgent
6680-WKXRZ,3,74.4,0.5855375,High,1,892.8000000000001,522.767873954773,43.56398949623108,Urgent
1475-VWVDO,7,74.9,0.5809513,High,0,898.8000000000001,522.1590045690536,43.51325038075447,Urgent
8785-CJSHH,60,99.8,0.43470898,Medium,0,1197.6,520.6074776887893,43.383956474065776,Urgent
4937-QPZPO,61,99.9,0.4338941,Medium,0,1198.8000000000002,520.1522444486619,43.34602037072182,Urgent
6077-BDPXA,3,70.15,0.6175418,High,0,841.8000000000001,519.8466788291931,43.32055656909943,Urgent
9979-RGMZT,7,94.05,0.46032512,Medium,0,1128.6,519.5229325532913,43.29357771277427,Urgent
1302-UHBDD,20,89.95,0.48025587,Medium,0,1079.4,518.3881882488728,43.19901568740607,Urgent
9465-RWMXL,32,78.9,0.5449077,High,1,946.8000000000001,515.9186000347138,42.99321666955948,Urgent
6845-RGTYS,47,98.75,0.4346646,Medium,1,1185.0,515.0775593519211,42.92312994599342,Urgent
2919-HBCJO,4,76.65,0.5583155,High,1,919.8000000000001,513.5386111736298,42.79488426446915,Urgent
5228-EXCET,13,80.85,0.5275284,High,1,970.1999999999999,511.8080587148666,42.65067155957222,Urgent
3374-LXDEV,13,89.4,0.4767726,Medium,1,1072.8000000000002,511.4816521167756,42.6234710097313,Urgent
3365-SAIGS,17,83.55,0.50857764,High,0,1002.5999999999999,509.8999467015266,42.49166222512722,Urgent
2754-XBHTB,9,77.65,0.5437537,High,1,931.8000000000001,506.66968234777454,42.22247352898121,Urgent
3877-JRJIP,1,59.85,0.7035875,High,1,718.2,505.316522705555,42.10971022546291,Urgent
3750-CKVKH,2,67.75,0.61678934,High,1,813.0,501.449734210968,41.787477850914,Urgent
3932-CMDTD,4,105.65,0.39495924,Medium,1,1267.8000000000002,500.7293259322644,41.727443827688695,Urgent
4947-DSMXK,34,97.7,0.42687058,Medium,0,1172.4,500.46307325363165,41.7052561044693,Urgent
2187-PKZAY,12,79.95,0.52021986,High,0,959.4000000000001,499.09893604516986,41.591578003764155,Urgent
5461-QKNTN,43,94.3,0.44051504,Medium,0,1131.6,498.4868207931518,41.54056839942932,Urgent
7534-BFESC,24,76.1,0.5441071,High,1,913.1999999999999,496.8785850048065,41.40654875040054,Urgent
5440-VHLUL,69,105.2,0.39294416,Medium,0,1262.4,496.05270395278933,41.33772532939911,Urgent
5226-NOZFC,26,85.75,0.47901192,Medium,0,1029.0,492.90326884388924,41.075272403657436,Urgent
1444-VVSGW,70,115.65,0.35420048,Medium,1,1387.8000000000002,491.5594294309617,40.96328578591347,Urgent
1077-HUUJM,7,71.05,0.5764882,High,0,852.5999999999999,491.513836634159,40.959486386179925,Urgent
0685-MLYYM,2,70.75,0.5787595,High,1,849.0,491.3668082356453,40.94723401963711,Urgent
8621-MNIHH,34,94.25,0.43444705,Medium,1,1131.0,491.3596136569977,40.94663447141647,Urgent
8714-EUHJO,31,91.15,0.44869658,Medium,1,1093.8000000000002,490.78432304263123,40.89869358688593,Urgent
9822-WMWVG,41,106.5,0.38394344,Medium,0,1278.0,490.67971444129944,40.88997620344162,Urgent
5828-AVIPD,19,100.95,0.40184665,Medium,1,1211.4,486.79702849388127,40.56641904115677,Urgent
3466-RITXD,26,92.4,0.4382227,Medium,0,1108.8000000000002,485.9013367652894,40.49177806377411,Urgent
3966-HRMZA,3,75.05,0.53884476,High,0,900.5999999999999,485.2835946679115,40.440299555659294,Urgent
6047-YHPVI,5,69.7,0.57971025,High,1,836.4000000000001,484.86964902877816,40.40580408573151,Urgent
5373-SFODM,36,85.25,0.47165325,Medium,1,1023.0,482.5012776553631,40.20843980461359,Urgent
7251-LJBQN,40,103.75,0.3862462,Medium,0,1245.0,480.8765244483948,40.0730437040329,Urgent
5760-FXFVO,6,78.95,0.5070887,High,0,947.4000000000001,480.4158540844918,40.034654507040976,Urgent
8676-TRMJS,3,75.0,0.53317654,High,1,900.0,479.85888719558716,39.98824059963226,Urgent
9576-ANLXO,3,69.55,0.57463527,High,1,834.5999999999999,479.5905940532684,39.96588283777237,Urgent
9866-QEVEE,19,86.0,0.4645052,Medium,1,1032.0,479.3693618774414,39.94744682312012,Urgent
4840-ORQXB,56,104.75,0.3811563,Medium,0,1257.0,479.1134634912014,39.92612195760012,Urgent
5501-TVMGM,1,55.25,0.7158954,High,0,663.0,474.63865971565247,39.55322164297104,Urgent
3063-QFSZL,1,55.4,0.7126429,High,1,664.8,473.7650053024292,39.48041710853577,Urgent
5016-IBERQ,23,84.25,0.46558082,Medium,0,1011.0,470.7022100687027,39.22518417239189,Urgent
8849-AYPTR,33,91.25,0.42923042,Medium,0,1095.0,470.0073118507862,39.16727598756552,Urgent
1319-YLZJG,12,84.6,0.45967576,Medium,0,1015.1999999999999,466.6628306150436,38.8885692179203,Urgent
1357-BIJKI,50,98.25,0.3950464,Medium,0,1179.0,465.7597208619118,38.81331007182598,Urgent
1658-TJVOA,6,74.1,0.52192175,High,0,889.1999999999999,464.0928235530853,38.67440196275711,Urgent
9512-UIBFX,18,95.15,0.40427428,Medium,1,1141.8000000000002,461.60037842988976,38.46669820249081,Urgent
7279-BUYWN,41,113.2,0.3391864,Medium,1,1358.4,460.75080599784854,38.39590049982071,Urgent
5650-YLIBA,31,81.15,0.4723263,Medium,0,973.8000000000001,459.9513592064381,38.32927993386984,Urgent
4818-QIUFN,20,79.15,0.48388147,Medium,1,949.8000000000001,459.59062356948857,38.29921863079071,Urgent
2924-KHUVI,56,100.55,0.37837726,Medium,0,1206.6,456.55000044107436,38.04583337008953,Urgent
6048-QBXKL,2,56.55,0.67093927,High,0,678.5999999999999,455.299386370182,37.9416155308485,Urgent
6022-UGGSO,32,74.4,0.50813496,High,1,892.8000000000001,453.66289329528814,37.805241107940674,Urgent
0899-LIIBW,34,100.85,0.37442648,Medium,0,1210.1999999999998,453.1309310674667,37.76091092228889,Urgent
9050-QLROH,18,90.7,0.41557783,Medium,1,1088.4,452.3149089574814,37.69290907979012,Urgent
0506-LVNGN,5,75.55,0.49854952,Medium,1,906.5999999999999,451.9849957108497,37.66541630923748,Urgent
0310-MVLET,61,99.15,0.37899634,Medium,1,1189.8000000000002,450.9298482120038,37.577487351000315,Urgent
1016-DJTSV,8,69.7,0.53909624,High,0,836.4000000000001,450.90009198188784,37.57500766515732,Urgent
2482-CZGBB,10,70.0,0.5363049,High,1,840.0,450.4961085319519,37.54134237766266,Urgent
5442-BHQNG,2,70.35,0.5315262,High,0,844.1999999999999,448.7144247293472,37.3928687274456,Urgent
6234-PFPXL,22,95.9,0.38984093,Medium,0,1150.8000000000002,448.6289430499078,37.38574525415898,Urgent
0581-MDMPW,24,88.95,0.4179242,Medium,0,1067.4,446.09228630661966,37.1743571922183,Urgent
4029-HPFVY,3,70.3,0.5285369,High,0,843.5999999999999,445.87374215126033,37.1561451792717,Urgent
9278-VZKCD,52,109.1,0.3404642,Medium,0,1309.1999999999998,445.7357365965843,37.144644716382025,Urgent
1035-IPQPU,63,103.5,0.3568799,Medium,0,1242.0,443.24482333660126,36.93706861138344,Urgent
4846-WHAFZ,37,76.5,0.4816985,Medium,1,918.0,442.1992349624634,36.84993624687195,Urgent
4983-CCWMC,3,69.6,0.5285369,High,0,835.1999999999999,441.4340320587158,36.786169338226316,Urgent
4412-YLTKF,27,78.05,0.47129658,Medium,1,936.5999999999999,441.41637555956834,36.78469796329737,Urgent
0422-UXFAP,51,98.85,0.37203348,Medium,0,1186.1999999999998,441.306110215187,36.775509184598924,Urgent
5651-YLPRD,32,86.1,0.4267361,Medium,0,1033.1999999999998,440.903724682331,36.74197705686092,Urgent
9508-ILZDG,34,96.35,0.3811942,Medium,0,1156.1999999999998,440.7367387712001,36.72806156426668,Urgent
9450-TRJUU,35,83.15,0.43921152,Medium,0,997.8000000000001,438.2452522337437,36.52043768614531,Urgent
3312-ZWLGF,29,79.3,0.45943677,Medium,0,951.5999999999999,437.20003437995905,36.433336198329926,Urgent
8903-XEBGX,2,55.3,0.65800196,High,0,663.5999999999999,436.65010020732876,36.38750835061073,Urgent
0963-ZBDRN,32,96.2,0.3781546,Medium,1,1154.4,436.541676735878,36.37847306132317,Urgent
9283-LZQOH,13,74.4,0.48881334,Medium,1,892.8000000000001,436.4125505447388,36.3677125453949,Urgent
0388-EOPEX,2,74.4,0.4884548,Medium,1,892.8000000000001,436.09243555068974,36.34103629589081,Urgent
6080-TCMYC,40,81.2,0.44639042,Medium,0,974.4000000000001,434.9628254413605,36.246902120113376,Urgent
4512-ZUIYL,2,70.0,0.5166994,High,1,840.0,434.0274739265442,36.16895616054535,Urgent
5022-JNQEQ,9,75.85,0.47561413,Medium,0,910.1999999999999,432.90398157835006,36.07533179819583,Urgent
4983-CLMLV,52,102.7,0.35124573,Medium,0,1232.4,432.8752390265465,36.07293658554554,Urgent
6166-ILMNY,2,69.75,0.5166994,High,1,837.0,432.47737580537796,36.03978131711483,Urgent
1989-PRJHP,27,75.5,0.4771145,Medium,1,906.0,432.26573574543,36.0221446454525,Urgent
6583-SZVGP,48,108.1,0.3327457,Medium,0,1297.1999999999998,431.63772343397136,35.96981028616428,Urgent
0682-USIXD,21,86.05,0.41782424,Medium,0,1032.6,431.445308715105,35.953775726258755,Urgent
0327-WFZSY,39,100.0,0.3590387,Medium,0,1200.0,430.8464527130127,35.903871059417725,Urgent
0410-IPFTY,31,83.85,0.42808288,Medium,0,1006.1999999999999,430.7369972348213,35.89474976956844,Urgent
0958-YHXGP,7,69.9,0.5125034,High,0,838.8000000000001,429.887839794159,35.823986649513245,Urgent
6284-AHOOQ,22,90.5,0.39534935,Medium,1,1086.0,429.349397957325,35.77911649644375,Urgent
6705-LXORM,5,70.05,0.5101132,High,0,840.5999999999999,428.80113884210584,35.73342823684215,Urgent
5606-AMZBO,10,78.15,0.45607752,Medium,0,937.8000000000001,427.70949457883836,35.64245788156987,Urgent
3567-PQTSO,53,105.25,0.33852005,Medium,0,1263.0,427.5508232116699,35.62923526763916,Urgent
9812-GHVRI,40,83.85,0.42433047,Medium,0,1006.1999999999999,426.9613218784332,35.5801101565361,Urgent
4760-THGOT,43,94.1,0.37598363,Medium,0,1129.1999999999998,424.56071008443826,35.38005917370319,Urgent
6608-QQLVK,1,50.5,0.6979896,High,1,606.0,422.9816873073578,35.248473942279816,Urgent
4329-YPDDQ,20,108.2,0.3244572,Medium,0,1298.4,421.2752263784409,35.106268864870074,Urgent
3717-OEAUQ,2,70.7,0.49638882,Medium,0,848.4000000000001,421.1362772583962,35.09468977153301,Urgent
2277-DJJDL,60,99.0,0.3532216,Medium,0,1188.0,419.6272552013397,34.96893793344498,Urgent
8696-JKZNU,37,76.25,0.45736498,Medium,1,915.0,418.48895341157913,34.87407945096493,Urgent
0531-ZZJWQ,55,74.0,0.4712267,Medium,0,888.0,418.44930267333984,34.87077522277832,Urgent
6481-ESCNL,29,100.55,0.3449107,Medium,0,1206.6,416.1692639529705,34.68077199608087,Urgent
1965-DDBWU,16,89.05,0.38559398,Medium,1,1068.6,412.0457276165485,34.33714396804571,Urgent
7273-TEFQD,3,41.15,0.8306218,Critical,1,493.79999999999995,410.16103445291515,34.1800862044096,Urgent
7529-ZDFXI,57,89.85,0.38023564,Medium,0,1078.1999999999998,409.9700694143771,34.1641724511981,Urgent
3658-KIBGF,1,54.9,0.620263,High,1,658.8,408.6292515277862,34.05243762731552,Urgent
0330-IVZHA,5,69.95,0.48629543,Medium,1,839.4000000000001,408.1963854968548,34.016365458071235,Urgent
6559-RAKOZ,49,97.95,0.34724584,Medium,0,1175.4,408.1527629435063,34.01273024529219,Urgent
4547-LYTDD,16,72.65,0.46354148,Medium,1,871.8000000000001,404.1154604494572,33.6762883707881,Urgent
0486-HECZI,55,96.75,0.34799632,Medium,1,1161.0,404.0237325131893,33.66864437609911,Urgent
2325-NBPZG,3,74.55,0.44978514,Medium,0,894.5999999999999,402.3777890503406,33.53148242086172,Urgent
1346-UFHAX,13,80.0,0.41826135,Medium,0,960.0,401.5308952331543,33.46090793609619,Urgent
2386-LAHRK,1,53.5,0.6249234,High,1,642.0,401.20082795619965,33.433402329683304,Urgent
4317-VTEOA,1,50.75,0.6587295,High,1,609.0,401.166261613369,33.43052180111408,Urgent
9286-DOJGF,38,74.95,0.4446613,Medium,1,899.4000000000001,399.92836373448375,33.32736364454031,Urgent
6815-ABQFQ,56,107.25,0.30941036,Medium,0,1287.0,398.2111377418041,33.18426147848368,Urgent
5419-KLXBN,25,89.15,0.37184444,Medium,1,1069.8000000000002,397.79918265938767,33.1499318882823,Urgent
6034-YMTOB,5,75.65,0.4362698,Medium,0,907.8000000000001,396.045715302229,33.00380960851908,Urgent
9944-AEXBM,32,85.65,0.38510266,Medium,0,1027.8000000000002,395.80851339697847,32.984042783081534,Urgent
2307-FYNNL,65,109.05,0.30163366,Medium,0,1308.6,394.7178022742271,32.89315018951893,Urgent
6710-HSJRD,61,114.1,0.28809413,Medium,0,1369.1999999999998,394.4584870934486,32.87154059112072,Urgent
9576-SYUHJ,37,91.15,0.35980135,Medium,0,1093.8000000000002,393.550718843937,32.79589323699474,High
7503-QQRVF,16,74.3,0.44081217,Medium,1,891.5999999999999,393.0281312227249,32.75234426856041,High
7410-YTJIK,7,75.45,0.43356666,Medium,1,905.4000000000001,392.551253682375,32.71260447353125,High
7855-DIWPO,21,68.65,0.47614583,Medium,0,823.8000000000001,392.24893782734875,32.687411485612394,High
4526-ZJJTM,25,88.4,0.36876068,Medium,0,1060.8000000000002,391.1813242435456,32.59844368696213,High
0082-OQIQY,29,94.2,0.3457591,Medium,0,1130.4,390.84607958793646,32.57050663232803,High
3891-PUQOD,1,59.2,0.54843926,High,1,710.4000000000001,389.6112533569336,32.46760444641114,High
8778-LMWTJ,9,74.85,0.43364528,Medium,0,898.1999999999999,389.5001888930797,32.45834907442331,High
8280-MQRQN,1,50.45,0.64211184,High,1,605.4000000000001,388.73450664281853,32.394542220234875,High
2203-GHNWN,24,79.65,0.4061076,Medium,0,955.8000000000001,388.1576483845711,32.346470698714256,High
1217-VASWC,43,100.55,0.31888157,Medium,0,1206.6,384.76250392198557,32.0635419934988,High
9389-ACWBI,5,69.95,0.45825636,Medium,0,839.4000000000001,384.66039183139804,32.055032652616504,High
5804-HYIEZ,70,106.05,0.30127716,Medium,0,1272.6,383.40531463623046,31.950442886352537,High
1092-GANHU,17,76.65,0.4165302,Medium,1,919.8000000000001,383.1244705080986,31.927039209008218,High
2041-JIJCI,5,64.0,0.49877474,Medium,0,768.0,383.05899810791016,31.92158317565918,High
7134-MJPDY,66,102.85,0.30884784,Medium,0,1234.1999999999998,381.1800098061561,31.76500081717968,High
3569-EDBPQ,24,84.35,0.3763648,Medium,0,1012.1999999999999,380.9564478814602,31.746370656788347,High
8059-UDZFY,33,105.35,0.29910132,Medium,0,1264.1999999999998,378.1238923966884,31.510324366390705,High
4706-DGAHW,1,45.2,0.696996,High,0,542.4000000000001,378.05061607360847,31.504218006134035,High
7018-WBJNK,13,78.3,0.40235177,Medium,0,939.5999999999999,378.049720108509,31.504143342375755,High
8080-DDEMJ,1,45.1,0.696996,High,1,541.2,377.214220905304,31.43451840877533,High
0581-BXBUB,4,72.75,0.4307515,Medium,0,873.0,376.04606169462204,31.33717180788517,High
4248-QPAVC,17,85.35,0.36652228,Medium,1,1024.1999999999998,375.3921215951442,31.282676799595354,High
2955-BJZHG,17,80.85,0.38685197,Medium,1,970.1999999999999,375.323777782917,31.27698148190975,High
4154-AQUGT,13,89.05,0.35067126,Medium,1,1068.6,374.72731009125704,31.22727584093809,High
8988-ECPJR,34,79.6,0.3895429,Medium,1,955.1999999999999,372.0913852214813,31.00761543512344,High
1452-KIOVK,22,89.1,0.3477901,Medium,0,1069.1999999999998,371.8571666121482,30.988097217679023,High
1894-IGFSG,22,89.25,0.34671548,Medium,1,1071.0,371.33227917551994,30.944356597959995,High
7603-USHJS,12,73.75,0.4188462,Medium,1,885.0,370.6788781285286,30.889906510710716,High
0988-JRWWP,3,54.2,0.5673521,High,0,650.4000000000001,369.0058163166047,30.750484693050385,High
6769-DYBQN,46,85.0,0.3587254,Medium,1,1020.0,365.8999067544937,30.49165889620781,High
6646-QVXLR,62,103.75,0.2936217,Medium,1,1245.0,365.55900290608406,30.46325024217367,High
4829-AUOAX,46,96.05,0.3164713,Medium,1,1152.6,364.76483014225954,30.397069178521633,High
9369-XFEHK,33,80.6,0.37588698,Medium,1,967.1999999999999,363.55788388252256,30.296490323543548,High
9079-YEXQJ,54,111.1,0.27214888,Medium,1,1333.1999999999998,362.8288833260536,30.235740277171132,High
2495-INZWQ,4,44.55,0.6782199,High,1,534.5999999999999,362.5763662576675,30.21469718813896,High
1360-XFJMR,67,109.7,0.27484968,Medium,0,1316.4,361.8121227622032,30.1510102301836,High
2587-EKXTS,44,111.5,0.26868135,Medium,0,1338.0,359.49564278125763,29.95797023177147,High
8728-SKJLR,41,74.25,0.40332502,Medium,0,891.0,359.3625939488411,29.94688282907009,High
0256-LTHVJ,28,81.05,0.3689504,Medium,1,972.5999999999999,358.84115590453143,29.903429658710955,High
8914-RBTSB,31,93.8,0.3186256,Medium,1,1125.6,358.64497439861293,29.887081199884413,High
6128-AQBMT,41,53.95,0.55164516,High,0,647.4000000000001,357.1350764036179,29.761256366968155,High
0430-IHCDJ,15,49.0,0.60677415,High,0,588.0,356.7832009792328,29.731933414936066,High
0841-NULXI,1,35.55,0.83564717,Critical,1,426.59999999999997,356.48708091974254,29.70725674331188,High
8445-DNBAE,1,50.05,0.5932564,High,0,600.5999999999999,356.30980221033093,29.692483517527577,High
4753-PADAS,67,105.7,0.2808749,Medium,0,1268.4,356.2617332696915,29.68847777247429,High
9752-ZNQUT,1,48.6,0.606553,High,0,583.2,353.7417201519013,29.478476679325105,High
2971-SGAFL,13,78.75,0.3741886,Medium,0,945.0,353.6082288622856,29.467352405190468,High
4660-IRIBM,18,87.9,0.33213982,Medium,0,1054.8000000000002,350.34108198881154,29.195090165734292,High
7250-EQKIY,1,50.45,0.5772498,High,1,605.4000000000001,349.46704405546194,29.12225367128849,High
2190-BCXEC,40,78.85,0.3693262,Medium,0,946.1999999999999,349.456454282999,29.121371190249917,High
6777-TGHTM,53,106.95,0.26842904,Medium,1,1283.4,344.5018311023712,28.708485925197603,High
0749-IRGQE,13,45.3,0.63286316,High,0,543.5999999999999,344.02441592216485,28.668701326847074,High
1550-LOAHA,32,84.15,0.33785138,Medium,1,1009.8000000000001,341.1623188197613,28.43019323498011,High
5609-IMCGG,15,84.35,0.33413884,Medium,0,1012.1999999999999,338.215334290266,28.184611190855502,High
2995-UPRYS,40,99.2,0.283951,Medium,1,1190.4,338.015287399292,28.167940616607666,High
4237-RLAQD,1,45.85,0.6135771,High,1,550.2,337.59013552665715,28.132511293888093,High
5133-POWUA,1,45.8,0.6135771,High,0,549.5999999999999,337.22198925018307,28.101832437515256,High
2001-MCUUW,46,108.65,0.25807706,Medium,0,1303.8000000000002,336.48086459040644,28.040072049200536,High
4724-WXVWF,48,95.4,0.292789,Medium,0,1144.8000000000002,335.1848611593247,27.932071763277055,High
3540-RZJYU,15,86.2,0.32346272,Medium,1,1034.4,334.589842414856,27.882486867904664,High
6402-EJMWF,4,55.3,0.50311756,High,0,663.5999999999999,333.86881370544427,27.82240114212036,High
7957-RYHQD,40,79.2,0.3506736,Medium,1,950.4000000000001,333.2801762580872,27.773348021507264,High
6338-AVWCY,3,40.15,0.6868569,High,1,481.79999999999995,330.9276666998863,27.57730555832386,High
6557-BZXLQ,16,69.65,0.39460036,Medium,0,835.8000000000001,329.8069822132588,27.48391518443823,High
5281-BUZGT,36,90.85,0.30088362,Medium,1,1090.1999999999998,328.0233235895633,27.335276965796947,High
3207-OYBWH,57,95.25,0.28689536,Medium,1,1143.0,327.9214016497135,27.32678347080946,High
9254-RBFON,17,98.6,0.2763868,Medium,1,1183.1999999999998,327.02085871696465,27.251738226413725,High
4223-WOZCM,2,49.95,0.5435856,High,0,599.4000000000001,325.8252077221871,27.15210064351559,High
4360-PNRQB,18,75.6,0.35790148,Medium,0,907.1999999999999,324.68822607994076,27.057352173328397,High
5301-GAUUY,32,80.35,0.33656996,Medium,1,964.1999999999999,324.52076014280317,27.043396678566932,High
6331-LWDTQ,10,72.15,0.3712944,Medium,1,865.8000000000001,321.4666993439198,26.788891611993314,High
2485-ITVKB,2,35.1,0.7620381,Critical,1,421.20000000000005,320.9704526424408,26.7475377202034,High
2501-XWWTZ,11,70.2,0.37960842,Medium,0,842.4000000000001,319.78213512897497,26.64851126074791,High
7067-KSAZT,65,106.25,0.25021333,Medium,1,1275.0,319.0219894051552,26.585165783762932,High
0959-WHOKV,42,99.0,0.26304877,Medium,0,1188.0,312.50193643569946,26.04182803630829,High
3729-OWRVL,65,110.35,0.23537451,Low,0,1324.1999999999998,311.6829265236854,25.97357721030712,High
8160-HOWOX,7,66.85,0.38827914,Medium,0,802.1999999999999,311.4775261044502,25.956460508704183,High
0730-KOAVE,30,94.3,0.27484164,Medium,0,1131.6,311.01079577207565,25.917566314339638,High
5207-PLSTK,1,48.75,0.5297625,High,0,585.0,309.91106629371643,25.825922191143036,High
5692-FPTAH,1,45.4,0.56656295,High,1,544.8,308.66349549293517,25.721957957744596,High
9112-WSNPU,35,70.55,0.36309543,Medium,0,846.5999999999999,307.39659317135806,25.61638276427984,High
2101-RANCD,55,73.1,0.35001397,Medium,0,877.1999999999999,307.03225564956665,25.58602130413055,High
7460-ITWWP,45,86.1,0.29562277,Medium,0,1033.1999999999998,305.4374418497085,25.45312015414238,High
1074-AMIOH,53,108.25,0.23491521,Low,0,1299.0,305.15486012399197,25.42957167699933,High
7587-RZNME,3,43.3,0.5871488,High,1,519.5999999999999,305.08250899314874,25.42354241609573,High
9819-FBNSV,37,72.25,0.3513845,Medium,0,867.0,304.650353461504,25.387529455125332,High
2293-IJWPS,57,100.75,0.25185147,Medium,0,1209.0,304.4884263575077,25.37403552979231,High
2139-FQHLM,19,89.95,0.28122923,Medium,0,1079.4,303.5588284671307,25.296569038927554,High
8601-QACRS,5,50.6,0.49961096,Medium,1,607.2,303.3637752056122,25.280314600467683,High
0322-CHQRU,2,45.35,0.5545028,High,1,544.2,301.76041570901873,25.146701309084893,High
6284-KMNUF,56,98.0,0.25322965,Medium,0,1176.0,297.7980659008026,24.81650549173355,High
4678-DVQEO,1,52.2,0.47527546,Medium,1,626.4000000000001,297.71254620552065,24.809378850460053,High
2750-BJLSB,47,103.7,0.23856767,Low,0,1244.4,296.87360259890556,24.73946688324213,High
6729-GDNGC,20,80.7,0.305287,Medium,0,968.4000000000001,295.63993420600895,24.636661183834075,High
3334-CTHOL,1,49.95,0.49303025,Medium,1,599.4000000000001,295.5223318934441,24.62686099112034,High
3923-CSIHK,50,71.05,0.34624174,Medium,1,852.5999999999999,295.20570954680437,24.600475795567036,High
3858-XHYJO,40,105.75,0.23244579,Low,0,1269.0,294.97370924055576,24.58114243671298,High
0599-XNYDO,20,69.8,0.35075718,Medium,0,837.5999999999999,293.79421534538267,24.48285127878189,High
2252-JHJGE,61,104.0,0.23527664,Low,0,1248.0,293.62524604797363,24.468770503997803,High
7733-UDMTP,57,55.0,0.4411983,Medium,0,660.0,291.1908710002899,24.265905916690826,High
0365-GXEZS,18,78.2,0.30835292,Medium,0,938.4000000000001,289.3583777189255,24.11319814324379,High
2911-WDXMV,18,80.55,0.29618406,Medium,0,966.5999999999999,286.29151525497434,23.857626271247863,High
2522-AHJXR,60,109.45,0.21672489,Low,0,1313.4,284.64646722972395,23.72053893581033,High
5027-YOCXN,51,110.05,0.21522197,Low,0,1320.6,284.22213526368137,23.685177938640116,High
2279-AXJJK,52,95.65,0.24648923,Low,0,1147.8000000000002,282.9203345417977,23.576694545149806,High
7881-EVUAD,2,42.6,0.5526666,High,1,511.20000000000005,282.5231682300568,23.54359735250473,High
4208-UFFGW,2,44.95,0.5209232,High,1,539.4000000000001,280.9859726071358,23.415497717261317,High
6704-UTUKK,29,45.9,0.50891197,High,0,550.8,280.30871157646175,23.35905929803848,High
5140-FOMCQ,59,109.15,0.21397002,Low,0,1309.8000000000002,280.25793273746973,23.354827728122473,High
2070-FNEXE,7,76.45,0.30415747,Medium,1,917.4000000000001,279.0340590298176,23.2528382524848,High
7504-UWHNB,25,69.75,0.33228996,Medium,0,837.0,278.126699835062,23.17722498625517,High
0823-HSCDJ,52,49.15,0.47132555,Medium,1,589.8,277.9878073275089,23.165650610625743,High
3677-IYRBF,2,30.4,0.7530869,Critical,1,364.79999999999995,274.72611007690426,22.89384250640869,High
6733-LRIZX,35,108.95,0.20961589,Low,0,1307.4,274.0518096327782,22.837650802731513,High
7404-JLKQG,3,57.55,0.39579737,Medium,0,690.5999999999999,273.33766500949855,22.77813875079155,High
6711-VTNRE,36,87.55,0.25862628,Medium,1,1050.6,271.7127720952034,22.642731007933616,High
3756-VNWDH,65,100.75,0.22382456,Low,0,1209.0,270.6038938164711,22.550324484705925,High
5136-GFPMB,54,89.4,0.25076926,Medium,0,1072.8000000000002,269.02525949478155,22.418771624565125,High
5103-MHMHY,1,45.95,0.48491967,Medium,1,551.4000000000001,267.38470451831824,22.28205870985985,High
7470-MCQTK,13,48.75,0.45517907,Medium,1,585.0,266.27975329756737,22.189979441463947,High
6874-SGLHU,30,97.0,0.22867446,Low,0,1164.0,266.1770673394203,22.181422278285027,High
7129-ACFOG,5,53.8,0.41189858,Medium,0,645.5999999999999,265.92172529697416,22.160143774747848,High
2277-VWCNI,4,48.75,0.4545576,Medium,0,585.0,265.91619461774826,22.159682884812355,High
2960-NKRSO,24,85.95,0.2557511,Medium,0,1031.4,263.78168780207636,21.981807316839696,High
4067-HLYQI,33,70.4,0.3112404,Medium,0,844.8000000000001,262.9358940124512,21.911324501037598,High
4627-MIHJH,69,110.25,0.19857633,Low,0,1323.0,262.71648609638214,21.893040508031845,High
2478-EEWWM,59,44.3,0.4933003,Medium,0,531.5999999999999,262.23843358755107,21.85320279896259,High
9992-UJOEL,2,50.3,0.43248236,Medium,0,603.5999999999999,261.04635357856745,21.75386279821396,High
4993-JCRGJ,26,84.3,0.2578228,Medium,0,1011.5999999999999,260.81355621814726,21.73446301817894,High
2669-QVCRG,41,81.3,0.2671223,Medium,0,975.5999999999999,260.6045143961906,21.71704286634922,High
7663-RGWBC,1,44.15,0.49179453,Medium,1,529.8,260.5527401804924,21.712728348374366,High
3680-CTHUH,60,116.6,0.18602756,Low,0,1399.1999999999998,260.28975727558134,21.690813106298446,High
6383-ZTSIW,39,99.1,0.21801229,Low,0,1189.1999999999998,259.2602131426334,21.605017761886117,High
7054-LGEQW,1,45.95,0.4696809,Medium,1,551.4000000000001,258.9820512056351,21.58183760046959,High
6227-HWPWX,15,69.0,0.31143904,Medium,1,828.0,257.8715229034424,21.489293575286865,High
2178-PMGCJ,22,69.7,0.30824664,Medium,0,836.4000000000001,257.81749166250233,21.484790971875192,High
4016-BJKTZ,25,108.9,0.19711953,Low,0,1306.8000000000002,257.59580705165865,21.466317254304887,High
9537-VHDTA,1,51.2,0.41866776,Medium,0,614.4000000000001,257.22947387695314,21.435789489746096,High
1360-JYXKQ,54,99.1,0.21446145,Low,0,1189.1999999999998,255.0375513553619,21.253129279613493,High
4581-LNWUM,13,49.15,0.42975676,Medium,0,589.8,253.47053740024566,21.122544783353806,High
7277-OZCGZ,22,89.05,0.23581979,Low,0,1068.6,251.99702416062354,20.999752013385294,High
7036-TYDEC,69,104.0,0.20147856,Low,0,1248.0,251.44523763656616,20.95376980304718,High
9732-KPKBW,1,53.95,0.3881105,Medium,1,647.4000000000001,251.2627303540707,20.938560862839225,High
3780-YVMFA,8,68.55,0.3052062,Medium,0,822.5999999999999,251.06262786984442,20.92188565582037,High
1768-ZAIFU,1,25.2,0.82666373,Critical,1,302.4,249.98311271667478,20.8319260597229,High
0096-BXERS,6,50.35,0.41263574,Medium,0,604.2,249.31451629400254,20.77620969116688,High
6304-IJFSQ,3,49.9,0.41458252,Medium,1,598.8,248.2520134091377,20.68766778409481,High
4619-EVPHY,20,91.0,0.22729285,Low,0,1092.0,248.2037928700447,20.68364940583706,High
2720-FVBQP,6,48.95,0.42015475,Medium,0,587.4000000000001,246.79890035390858,20.56657502949238,High
1470-PSXNM,49,93.65,0.21911533,Low,0,1123.8000000000002,246.24180984199052,20.520150820165874,High
9048-JVYVF,3,69.35,0.29586878,Medium,1,832.1999999999999,246.2220022022724,20.5185001835227,High
9842-EFSYY,4,57.2,0.35766423,Medium,0,686.4000000000001,245.5007257461548,20.458393812179565,High
2480-EJWYP,58,97.8,0.20900592,Low,0,1173.6,245.28935015201566,20.44077917933464,High
8819-ZBYNA,58,109.1,0.18707491,Low,0,1309.1999999999998,244.91847816109654,20.40987318009138,High
6664-FPDAC,56,111.95,0.1811974,Low,1,1343.4,243.4205936908722,20.28504947423935,High
5934-TSSAU,23,75.3,0.26583204,Medium,0,903.5999999999999,240.20582839250562,20.017152366042136,High
5402-HTOTQ,16,55.3,0.35956097,Medium,0,663.5999999999999,238.60465736389156,19.883721446990965,High
1942-OQFRW,1,44.0,0.45105612,Medium,0,528.0,238.1576328277588,19.846469402313232,High
1536-HBSWP,1,49.9,0.39521897,Medium,0,598.8,236.65711827278136,19.72142652273178,High
3173-NVMPX,9,55.3,0.3535785,Medium,0,663.5999999999999,234.63469784259792,19.552891486883162,High
0616-ATFGB,1,25.05,0.778949,Critical,1,300.6,234.15207610130312,19.512673008441926,High
6946-LMSQS,25,89.05,0.21783224,Low,1,1068.6,232.77552897334098,19.397960747778416,High
5575-TPIZQ,46,89.15,0.2172975,Low,0,1069.8000000000002,232.46485952138906,19.372071626782418,High
0913-XWSCN,55,85.5,0.22643542,Low,0,1026.0,232.32274389266968,19.360228657722473,High
5966-EMAZU,64,108.5,0.17659663,Low,0,1302.0,229.92880788445473,19.160733990371227,High
8757-TFHHJ,1,49.8,0.3836094,Medium,0,597.5999999999999,229.24498586654659,19.103748822212218,High
9710-ZUSHQ,37,106.75,0.17887045,Low,1,1281.0,229.13305212557316,19.09442101046443,High
3766-EJLFL,68,109.05,0.17479005,Low,0,1308.6,228.7302653968334,19.060855449736117,High
3094-JOJAI,18,74.15,0.25661367,Medium,0,889.8000000000001,228.33484514951707,19.027903762459758,High
1370-GGAWX,46,94.15,0.20196943,Low,0,1129.8000000000002,228.1850618451834,19.01542182043195,High
4690-LLKUA,17,45.05,0.42183077,Medium,1,540.5999999999999,228.0417160749435,19.003476339578626,High
8650-RHRKE,4,29.65,0.6346762,High,1,355.79999999999995,225.81779837608335,18.818149864673615,High
4332-MUOEZ,20,94.3,0.1981622,Low,0,1131.6,224.24034333229062,18.686695277690887,High
9767-FFLEM,38,69.5,0.26752827,Medium,0,834.0,223.11857360601425,18.593214467167854,High
5213-TWWJU,28,91.0,0.20421873,Low,0,1092.0,223.0068535208702,18.583904460072517,High
2782-LFZVW,11,58.95,0.31286785,Medium,0,707.4000000000001,221.32271713614466,18.443559761345387,High
2672-OJQZP,1,44.75,0.41155165,Medium,0,537.0,221.0032383799553,18.41693653166294,High
2386-OWURY,58,95.3,0.1929008,Low,0,1143.6,220.60136250257491,18.383446875214577,High
1895-QTKDO,1,43.95,0.4168279,Medium,0,527.4000000000001,219.8350277602673,18.31958564668894,High
7851-FLGGQ,1,44.65,0.4020591,Medium,1,535.8,215.42327007651326,17.951939173042774,High
9907-SWKKF,1,25.05,0.7152349,High,1,300.6,214.99960362911227,17.916633635759354,High
2778-OCLGR,24,39.1,0.45684117,Medium,1,469.20000000000005,214.34987733364107,17.86248977780342,High
3018-TFTSU,12,81.7,0.2185484,Low,1,980.4000000000001,214.26485350728038,17.85540445894003,High
1174-FGIFN,28,90.45,0.19651772,Low,0,1085.4,213.3003341764212,17.775027848035098,High
0363-QJVFX,32,108.15,0.16415796,Low,1,1297.8000000000002,213.04419638514523,17.753683032095434,High
4256-ZWTZI,5,51.0,0.34722248,Medium,0,612.0,212.50015604496002,17.708346337080002,High
0015-UOCOJ,7,48.2,0.3666552,Medium,0,578.4000000000001,212.07336809635166,17.672780674695968,High
0013-MHZWF,9,69.4,0.25351104,Medium,0,832.8000000000001,211.12399528026583,17.593666273355485,High
1024-GUALD,1,24.8,0.70879495,High,1,297.6,210.9373775482178,17.578114795684815,High
7398-LXGYX,44,84.8,0.20653339,Low,0,1017.5999999999999,210.16837491989133,17.51403124332428,High
2988-PLAHS,3,69.95,0.24949484,Low,0,839.4000000000001,209.425965115428,17.452163759618998,High
0471-ARVMX,62,104.85,0.16586627,Low,0,1258.1999999999998,208.69294174611565,17.391078478842974,High
6257-RJOHI,4,50.8,0.34153268,Medium,0,609.5999999999999,208.19832015037534,17.34986001253128,High
9700-ISPUP,10,65.5,0.26427275,Medium,0,786.0,207.71838104724884,17.309865087270737,High
7579-OOPEC,2,50.15,0.3445686,Medium,1,601.8,207.36138961315154,17.280115801095963,High
0058-EVZWM,55,89.8,0.19153967,Low,0,1077.6,206.40315377712247,17.200262814760208,High
4419-UJMUS,69,99.35,0.17283818,Low,0,1192.1999999999998,206.05767969489094,17.17147330790758,High
1100-DDVRV,17,49.8,0.34124357,Medium,0,597.5999999999999,203.92715449333187,16.99392954111099,High
1436-ZMJAN,10,67.8,0.2505149,Medium,0,813.5999999999999,203.81891834735868,16.984909862279892,High
1471-GIQKQ,1,49.95,0.33642966,Medium,0,599.4000000000001,201.6559355378151,16.804661294817926,High
7055-HNEOJ,3,55.8,0.29888514,Medium,0,669.5999999999999,200.13348762989042,16.677790635824202,High
3865-ZYKAD,69,84.9,0.19526407,Low,0,1018.8000000000001,198.93503576517105,16.577919647097588,High
1169-WCVAK,19,88.8,0.18663777,Low,0,1065.6,198.88121209144592,16.573434340953828,High
3466-WAESX,16,69.1,0.23901181,Low,0,829.1999999999999,198.18859221339224,16.515716017782687,High
9661-MHUMO,1,49.25,0.3351558,Medium,1,591.0,198.07708659768105,16.506423883140087,High
8840-DQLGN,35,100.5,0.16251493,Low,1,1206.0,195.99299955368042,16.3327499628067,High
7879-CGSFV,55,100.9,0.16085625,Low,0,1210.8000000000002,194.76474380493167,16.230395317077637,High
2309-OSFEU,10,33.9,0.47373962,Medium,1,406.79999999999995,192.71727905273434,16.059773254394532,High
2391-SOORI,4,49.35,0.32500562,Medium,1,592.2,192.46832858920098,16.039027382433414,High
5360-LJCNJ,71,105.15,0.15037909,Low,0,1261.8000000000002,189.74833765625957,15.812361471354961,High
5759-RCVCB,3,35.2,0.44858453,Medium,1,422.40000000000003,189.48210411071778,15.790175342559817,High
3325-FUYCG,28,106.1,0.14834172,Low,1,1273.1999999999998,188.86867196559902,15.739055997133255,High
2480-SQIOB,4,44.8,0.3504581,Medium,0,537.5999999999999,188.40626678466793,15.700522232055663,High
1310-QRITU,18,50.3,0.31196082,Medium,0,603.5999999999999,188.29954876899717,15.691629064083099,High
6198-PNNSZ,56,109.8,0.14282258,Low,0,1317.6,188.18302949666975,15.68191912472248,High
1936-UAFEH,68,110.25,0.14204195,Low,0,1323.0,187.9215017259121,15.660125143826008,High
6825-UYPFK,23,75.6,0.2055187,Low,1,907.1999999999999,186.44655804634093,15.53721317052841,High
8190-ZTQFB,41,51.35,0.30227405,Medium,0,616.2,186.26126857995988,15.521772381663324,High
1541-ETJZO,1,62.05,0.24799614,Low,1,744.5999999999999,184.65792327225205,15.388160272687673,High
5469-CTCWN,61,106.0,0.1434143,Low,1,1272.0,182.4229942560196,15.201916188001633,High
4640-UHDOS,13,55.95,0.27101836,Medium,1,671.4000000000001,181.9617242753506,15.163477022945882,High
0365-TRTPY,37,91.2,0.16495332,Low,0,1094.4,180.52491474151614,15.043742895126343,High
9572-WUKSB,3,29.9,0.5027387,High,0,358.79999999999995,180.3826506614685,15.031887555122374,High
7876-BEUTG,15,48.8,0.30737895,Medium,0,585.5999999999999,180.00111179351805,15.000092649459837,High
9381-NDKME,24,40.65,0.3680641,Medium,1,487.79999999999995,179.54167066812514,14.96180588901043,High
1205-WNWPJ,7,59.5,0.25119987,Medium,1,714.0,179.35670810937881,14.946392342448235,High
8805-JNRAZ,2,49.2,0.30330756,Medium,0,590.4000000000001,179.07278523445132,14.922732102870942,High
6317-YPKDH,1,29.95,0.49694285,Medium,1,359.4,178.60125955939293,14.883438296616077,High
5480-HPRRX,3,25.3,0.588276,High,1,303.6,178.60060229301453,14.883383524417878,High
0778-NELLA,9,34.7,0.42735824,Medium,1,416.40000000000003,177.95197108983996,14.829330924153329,High
7919-ZODZZ,10,65.9,0.22391485,Low,0,790.8000000000001,177.07186083197595,14.755988402664663,High
3604-WLABM,10,54.25,0.27158707,Medium,0,651.0,176.80318504571915,14.733598753809929,High
3331-HQDTW,34,109.8,0.13302276,Low,1,1317.6,175.27078249454496,14.605898541212081,High
4570-QHXHL,9,43.75,0.3333681,Medium,0,525.0,175.01824870705605,14.584854058921337,High
1492-QGCLU,53,85.7,0.16983679,Low,0,1028.4,174.6601541876793,14.555012848973275,High
5630-AHZIL,3,64.5,0.2250799,Low,0,774.0,174.21183800697327,14.517653167247772,High
1261-FWTTE,23,34.65,0.41755,Medium,0,415.79999999999995,173.61728898882865,14.468107415735721,High
7572-KPVKK,62,104.05,0.13882804,Low,0,1248.6,173.34068970680235,14.445057475566864,High
8623-ULFNQ,26,66.05,0.2183117,Low,0,792.5999999999999,173.03385123610494,14.419487603008747,High
8450-JOVAH,2,56.7,0.25309402,Medium,1,680.4000000000001,172.2051695108414,14.350430792570116,High
0870-VEMYL,5,53.85,0.26503685,Medium,1,646.2,171.26681322455408,14.272234435379506,High
6270-OMFIW,60,94.4,0.15034819,Low,1,1132.8000000000002,170.3144256591797,14.192868804931642,High
3313-QKNKB,59,85.55,0.16532531,Low,1,1026.6,169.7229671537876,14.143580596148967,High
7803-XOCCZ,52,84.05,0.16802704,Low,0,1008.5999999999999,169.4720759153366,14.122672992944716,High
7623-TRNQN,1,49.9,0.28228727,Medium,1,598.8,169.0336171746254,14.086134764552115,High
2659-VXMWZ,67,111.3,0.12569362,Low,1,1335.6,167.8763978719711,13.98969982266426,High
5600-PDUJF,6,49.5,0.28230268,Medium,0,594.0,167.68779051303864,13.97398254275322,High
1575-KRZZE,4,55.2,0.2527215,Medium,0,662.4000000000001,167.40271396636965,13.950226163864137,High
8495-PRWFH,42,55.65,0.25007248,Medium,0,667.8,166.9984016418457,13.916533470153809,High
9544-PYPSJ,62,96.1,0.14465801,Low,0,1153.1999999999998,166.81962195038793,13.90163516253233,High
2108-YKQTY,4,50.7,0.273788,Medium,1,608.4000000000001,166.57262231111528,13.881051859259607,High
0431-APWVY,28,90.1,0.15405619,Low,1,1081.1999999999998,166.565554189682,13.880462849140166,High
8166-ORCHU,33,93.55,0.14827132,Low,0,1122.6,166.4493863582611,13.870782196521759,High
4468-YDOVK,5,48.65,0.2850436,Medium,0,583.8,166.40845205783842,13.86737100481987,High
9844-FELAJ,70,107.9,0.12837327,Low,0,1294.8000000000002,166.21770386695863,13.851475322246552,High
2432-TFSMK,18,89.6,0.15439075,Low,0,1075.1999999999998,166.00093688964841,13.833411407470702,High
4190-MFLUW,10,55.2,0.2501601,Medium,1,662.4000000000001,165.70604896545413,13.808837413787842,High
6473-ULUHT,16,84.9,0.16042142,Low,0,1018.8000000000001,163.4373387873173,13.61977823227644,High
4226-KKDON,8,66.65,0.20337881,Low,0,799.8000000000001,162.66237342059614,13.555197785049678,High
6158-HDPXZ,1,25.35,0.5342701,High,0,304.20000000000005,162.52496677637103,13.54374723136425,High
9638-JIQYA,2,24.9,0.5408774,High,0,298.79999999999995,161.6141676664352,13.467847305536269,High
4905-JEFDW,11,41.6,0.32336026,Medium,1,499.20000000000005,161.421443939209,13.451786994934082,High
8671-KKKOS,46,45.55,0.2903633,Medium,0,546.5999999999999,158.7125862121582,13.226048851013182,High
2257-BOVXD,14,66.6,0.19851299,Low,0,799.1999999999999,158.65157865285872,13.220964887738226,High
6297-NOOPG,70,110.5,0.11951578,Low,0,1326.0,158.47791981697083,13.206493318080902,High
7124-UGSUR,61,104.4,0.12540455,Low,1,1252.8000000000002,157.10682227611545,13.092235189676286,High
2606-RMDHZ,6,30.5,0.42767304,Medium,1,366.0,156.52833330631256,13.044027775526047,High
1335-NTIUC,9,24.95,0.52168447,High,0,299.4,156.19232965707778,13.016027471423149,High
0048-LUMLS,37,91.2,0.14161153,Low,0,1094.4,154.97965993881226,12.914971661567689,High
9089-UOWJG,12,58.35,0.220718,Low,0,700.2,154.5467410504818,12.87889508754015,High
9107-UKCKY,61,79.8,0.16067073,Low,0,957.5999999999999,153.8582886457443,12.821524053812027,High
8849-GYOKR,54,106.55,0.120177396,Low,1,1278.6,153.65881806761024,12.804901505634188,High
8089-UZWLX,71,104.05,0.1223244,Low,0,1248.6,152.73424540311098,12.72785378359258,High
3639-XJHKQ,19,60.6,0.20960169,Low,0,727.2,152.42234562635423,12.701862135529518,High
2087-QAREY,22,54.7,0.23213257,Low,0,656.4000000000001,152.37181826233865,12.697651521861554,High
4672-FOTSD,12,67.25,0.18851176,Low,0,807.0,152.12898954749107,12.677415795624256,High
4184-VODJZ,63,91.35,0.13870096,Low,0,1096.1999999999998,152.04399461746215,12.670332884788513,High
2798-NYLMZ,71,108.55,0.11665601,Low,0,1302.6,151.95612231642008,12.663010193035007,High
6834-NXDCA,13,23.9,0.52888745,High,1,286.79999999999995,151.68492085933684,12.640410071611404,High
0742-MOABM,4,50.05,0.25219408,Medium,1,600.5999999999999,151.4677625119686,12.62231354266405,High
9909-DFRJA,26,95.85,0.13162588,Low,0,1150.1999999999998,151.396082380414,12.616340198367833,High
1809-DMJHQ,5,46.0,0.27359012,Medium,1,552.0,151.02174496650696,12.58514541387558,High
4402-FTBXC,54,89.8,0.13969861,Low,0,1077.6,150.53922182321548,12.544935151934624,High
9402-ROUMJ,67,100.25,0.12469412,Low,0,1203.0,150.00702204555273,12.500585170462728,High
9227-LUNBG,1,24.6,0.5079728,High,1,295.20000000000005,149.95356373786927,12.496130311489106,High
9481-SFCQY,14,59.8,0.20790361,Low,0,717.5999999999999,149.19162958860394,12.432635799050331,High
7395-XWZOY,20,55.0,0.22553854,Low,0,660.0,148.85543435811996,12.40461952984333,High
7669-LCRSD,12,56.3,0.2201744,Low,0,675.5999999999999,148.7498259902,12.39581883251667,High
7663-CUXZB,59,113.75,0.108281694,Low,0,1365.0,147.80451279133558,12.317042732611299,High
8158-WPEZG,11,35.65,0.3436674,Medium,0,427.79999999999995,147.0209085702896,12.251742380857467,High
1110-KYLGQ,63,108.25,0.11260544,Low,0,1299.0,146.27446348965168,12.18953862413764,High
6968-MHOMU,58,45.0,0.27079573,Medium,0,540.0,146.22969567775726,12.185807973146439,High
6366-XIVKZ,13,63.15,0.19225365,Low,0,757.8,145.68981539011,12.140817949175835,High
4695-VADHF,18,57.45,0.21111247,Low,1,689.4000000000001,145.5409364283085,12.128411369025708,High
6854-EXGSF,8,65.5,0.18490596,Low,0,786.0,145.33608546853065,12.111340455710888,High
4700-UBQMV,21,75.9,0.15904692,Low,0,910.8000000000001,144.8599330544472,12.071661087870599,High
5574-NXZIU,63,109.2,0.11053811,Low,0,1310.4,144.84913952350618,12.070761626958847,High
9033-EOXWV,12,74.05,0.16206776,Low,1,888.5999999999999,144.01340803205966,12.001117336004972,High
2001-EWBQU,60,104.7,0.11454389,Low,0,1256.4,143.91294646561147,11.992745538800955,High
5014-WUQMG,47,96.1,0.12362895,Low,0,1153.1999999999998,142.5689069956541,11.88074224963784,High
1150-WFARN,67,108.75,0.10793237,Low,1,1305.0,140.85173819214106,11.737644849345088,High
8433-WPJTV,65,103.9,0.11288613,Low,0,1246.8000000000002,140.74642789363864,11.728868991136551,High
5949-HGVJL,26,73.05,0.15987152,Low,0,876.5999999999999,140.1433732151985,11.678614434599876,High
6483-OATDN,8,51.3,0.22726871,Low,0,615.5999999999999,139.90661832690236,11.6588848605752,High
5482-NUPNA,4,60.4,0.19262561,Low,1,724.8,139.615043592453,11.63458696603775,High
9103-TCIHJ,15,55.7,0.20698465,Low,1,668.4000000000001,138.3485427796841,11.529045231640339,High
2195-VVRJF,18,59.1,0.19501618,Low,0,709.2,138.3054716706276,11.5254559725523,High
9701-CDXHR,51,69.15,0.16556022,Low,0,829.8000000000001,137.38186699748042,11.4484889164567,High
5186-EJEGL,9,69.5,0.16378379,Low,0,834.0,136.59567975997925,11.382973313331604,High
5351-QESIO,1,24.2,0.4693374,Medium,0,290.4,136.29558205604553,11.357965171337128,High
3179-GBRWV,21,64.95,0.1747674,Low,0,779.4000000000001,136.21371529698374,11.35114294141531,High
3982-XWFZQ,42,50.25,0.22528446,Low,1,603.0,135.84652769565582,11.320543974637985,High
0665-XHDJU,72,99.4,0.113687135,Low,0,1192.8000000000002,135.6060149610043,11.300501246750356,High
0661-KBKPA,53,78.75,0.14225766,Low,0,945.0,134.43348929286003,11.202790774405003,High
6543-CPZMK,9,29.95,0.37402013,Medium,1,359.4,134.42283452153205,11.201902876794337,High
0516-OOHAR,28,100.35,0.111183,Low,0,1204.1999999999998,133.88657172024247,11.157214310020208,High
5438-QMDDL,19,59.8,0.18621497,Low,0,717.5999999999999,133.6278614401817,11.135655120015144,High
8985-OOPOS,1,74.1,0.14818285,Low,0,889.1999999999999,131.7641938269138,10.980349485576152,High
9327-QSDED,8,43.55,0.25117335,Medium,0,522.5999999999999,131.26319126486777,10.938599272072315,High
3523-QRQLL,22,69.5,0.15729721,Low,1,834.0,131.1858722269535,10.932156018912792,High
2369-FEVNO,1,19.9,0.5474688,High,0,238.79999999999998,130.73554501533508,10.894628751277923,High
9972-VAFJJ,53,94.0,0.115525804,Low,0,1128.0,130.3131074309349,10.859425619244576,High
8993-PHFWD,3,25.25,0.42731732,Medium,1,303.0,129.4771483540535,10.789762362837791,High
4377-VDHYI,32,90.8,0.11878223,Low,0,1089.6,129.4251175045967,10.785426458716392,High
9138-EFSMO,26,78.95,0.13632952,Low,0,947.4000000000001,129.15858418643475,10.763215348869563,High
7410-KTVFV,18,49.55,0.21715772,Low,1,594.5999999999999,129.12198121547698,10.760165101289749,High
2748-MYRVK,63,99.9,0.107403964,Low,1,1198.8000000000002,128.75587180852892,10.729655984044076,High
2155-AMQRX,28,54.9,0.19496274,Low,0,658.8,128.44145307540893,10.703454422950744,High
7130-CTCUS,16,54.55,0.19620001,Low,0,654.5999999999999,128.43252861499784,10.702710717916489,High
4489-SNOJF,35,72.25,0.14756522,Low,1,867.0,127.93904212117195,10.661586843430996,High
3787-TRIAL,21,26.05,0.4077236,Medium,0,312.6,127.45439912080765,10.62119992673397,High
4075-JFPGR,51,93.5,0.113575794,Low,0,1122.0,127.43204064667225,10.61933672055602,High
2770-NSVDG,24,29.1,0.3632307,Medium,0,349.20000000000005,126.8401622772217,10.570013523101807,High
9163-GHAYE,15,48.85,0.21578741,Low,0,586.2,126.49458017349244,10.541215014457704,High
1848-LBZHY,7,50.3,0.20919055,Low,0,603.5999999999999,126.26741445064543,10.522284537553787,High
9629-NHXFW,1,19.4,0.538082,High,0,232.79999999999998,125.26549043655395,10.438790869712829,High
5524-KHNJP,33,74.75,0.13946125,Low,0,897.0,125.09674045443535,10.424728371202946,High
2019-HDCZY,63,102.6,0.10160205,Low,0,1231.1999999999998,125.09244110584257,10.424370092153548,High
5949-EBSQK,4,61.45,0.16929229,Low,1,737.4000000000001,124.83613172471524,10.403010977059603,High
9308-ANMVE,47,55.3,0.18623221,Low,0,663.5999999999999,123.58369402885435,10.298641169071198,High
3237-AJGEH,3,31.0,0.32956594,Medium,1,372.0,122.59853053092957,10.216544210910797,High
0297-RBCSG,19,65.35,0.1558028,Low,0,784.1999999999999,122.18055674135684,10.181713061779737,High
3442-ZHHCC,68,76.9,0.132092,Low,0,922.8000000000001,121.89449672698976,10.157874727249146,High
6542-LWGXJ,3,25.0,0.40486547,Medium,0,300.0,121.45964205265045,10.121636837720871,High
6898-MDLZW,12,53.75,0.18820058,Low,0,645.0,121.38937287032604,10.11578107252717,High
1465-LNTLJ,8,64.4,0.1558477,Low,0,772.8000000000001,120.4391013622284,10.0365917801857,High
5236-PERKL,57,112.95,0.08877363,Low,1,1355.4,120.32377886027099,10.026981571689248,High
1816-FLZDK,1,29.15,0.34366417,Medium,0,349.79999999999995,120.21372642517089,10.017810535430907,High
9822-BIIGN,53,71.85,0.13941048,Low,0,862.1999999999999,120.19971659481524,10.016643049567937,High
9143-CANJF,24,55.15,0.18103205,Low,0,661.8,119.80700848996638,9.983917374163866,High
9378-FXTIZ,54,70.15,0.14196464,Low,1,841.8000000000001,119.50583748221398,9.9588197901845,High
7159-NOKYQ,67,93.15,0.10669471,Low,0,1117.8000000000002,119.26335045397283,9.93861253783107,Medium
9139-WQQDY,49,100.45,0.09867117,Low,1,1205.4,118.9382260143757,9.911518834531307,Medium
0106-UGRDO,69,116.0,0.08531893,Low,0,1392.0,118.76395118236542,9.896995931863785,Medium
3339-EAQNV,72,97.25,0.10116198,Low,0,1167.0,118.05602965503931,9.838002471253276,Medium
2368-GAKKQ,70,113.65,0.08641538,Low,0,1363.8000000000002,117.85329557061198,9.821107964217664,Medium
6429-SHBCB,19,69.6,0.1402748,Low,0,835.1999999999999,117.15750703811645,9.763125586509704,Medium
6654-QGBZZ,1,19.9,0.48717117,Medium,0,238.79999999999998,116.3364761352539,9.69470634460449,Medium
2692-PFYTJ,1,25.75,0.37300667,Medium,0,309.0,115.25906154513359,9.6049217954278,Medium
7054-ENNGU,9,50.85,0.18803492,Low,0,610.2,114.73890933394433,9.561575777828693,Medium
6770-XUAGN,1,21.0,0.4541618,Medium,1,252.0,114.44877183437347,9.537397652864456,Medium
2828-SLQPF,19,45.0,0.20836057,Low,0,540.0,112.51470655202866,9.376225546002388,Medium
4501-UYKBC,46,69.1,0.13564342,Low,0,829.1999999999999,112.47552602291107,9.372960501909255,Medium
2294-DMMUS,62,70.45,0.13304073,Low,0,845.4000000000001,112.47262991666796,9.372719159722328,Medium
8930-XOTDP,18,55.95,0.16409151,Low,0,671.4000000000001,110.17104153335096,9.180920127779245,Medium
1136-XGEQU,50,84.15,0.10906759,Low,0,1009.8000000000001,110.13645141720772,9.178037618100644,Medium
6497-TILVL,7,50.7,0.18063812,Low,0,608.4000000000001,109.90023195147516,9.15835266262293,Medium
1240-KNSEZ,1,20.1,0.4496319,Medium,1,241.20000000000002,108.45121418237687,9.037601181864739,Medium
2165-VOEGB,46,105.2,0.08583764,Low,1,1262.4,108.36143656969071,9.030119714140893,Medium
0719-SYFRB,12,61.65,0.14619131,Low,1,739.8,108.15233399569988,9.012694499641656,Medium
4378-MYPGO,68,105.25,0.08530876,Low,0,1263.0,107.74496439099312,8.97874703258276,Medium
5136-RGMZO,31,71.05,0.124756336,Low,0,852.5999999999999,106.36725225448608,8.86393768787384,Medium
5198-EFNBM,57,90.65,0.0977769,Low,0,1087.8000000000002,106.361708830297,8.863475735858083,Medium
6797-LNAQX,70,98.3,0.089914866,Low,1,1179.6,106.06357568800449,8.838631307333708,Medium
0440-UEDAI,53,94.45,0.093563154,Low,0,1133.4,106.04447912871838,8.837039927393198,Medium
3324-OIRTO,71,104.65,0.0844168,Low,0,1255.8000000000002,106.01061649471522,8.834218041226269,Medium
5445-PZWGX,62,102.0,0.08657322,Low,1,1224.0,105.96562224626541,8.830468520522118,Medium
8455-HIRAQ,8,44.45,0.19825006,Low,0,533.4000000000001,105.74657950401308,8.812214958667756,Medium
2955-PSXOE,1,20.2,0.43323633,Medium,1,242.39999999999998,105.0164865732193,8.751373881101609,Medium
0701-TJSEF,9,68.25,0.12755787,Low,0,819.0,104.46989858150482,8.705824881792068,Medium
6993-YCOBK,60,110.6,0.077867076,Low,0,1327.1999999999998,103.34518300294874,8.612098583579064,Medium
1097-FSPVW,42,54.55,0.15758532,Low,0,654.5999999999999,103.15535234212874,8.596279361844063,Medium
2446-ZKVAF,18,56.8,0.15090707,Low,0,681.5999999999999,102.85825853347777,8.571521544456482,Medium
8970-ANWXO,23,73.75,0.115852,Low,0,885.0,102.5290185213089,8.544084876775742,Medium
0668-OGMHD,21,28.5,0.29846606,Medium,0,342.0,102.07539135217667,8.506282612681389,Medium
4701-MLJPN,31,55.25,0.15316726,Low,1,663.0,101.54989515244961,8.462491262704134,Medium
4304-TSPVK,68,114.9,0.073633604,Low,0,1378.8000000000002,101.52601285278799,8.460501071065664,Medium
0895-LMRSF,23,64.9,0.13011755,Low,0,778.8000000000001,101.33554832339287,8.444629026949407,Medium
7426-WEIJX,60,80.95,0.10407273,Low,0,971.4000000000001,101.09624726325275,8.424687271937728,Medium
2758-RNWXS,35,89.2,0.093739256,Low,0,1070.4,100.33849990367891,8.361541658639908,Medium
0484-FFVBJ,32,64.85,0.1288312,Low,0,778.1999999999999,100.2564342767,8.354702856391668,Medium
6421-SZVEM,28,82.85,0.099426545,Low,0,994.1999999999999,98.84987124055624,8.237489270046353,Medium
9962-BFPDU,1,20.05,0.41023803,Medium,0,240.60000000000002,98.70326943397522,8.225272452831268,Medium
3948-FVVRP,9,54.8,0.1497528,Low,0,657.5999999999999,98.4774384498596,8.206453204154968,Medium
3594-KADLU,3,35.1,0.23372075,Low,0,421.20000000000005,98.4431797385216,8.203598311543464,Medium
3679-XASPY,1,19.45,0.42139333,Medium,0,233.39999999999998,98.35320435762405,8.196100363135338,Medium
1622-HSHSF,1,19.55,0.41799742,Medium,0,234.60000000000002,98.06219469308854,8.171849557757378,Medium
1530-ZTDOZ,49,40.65,0.2002116,Low,0,487.79999999999995,97.66321822106838,8.138601518422364,Medium
4002-BQWPQ,25,81.75,0.09951101,Low,0,981.0,97.62030319869518,8.135025266557932,Medium
6848-YLDFR,58,75.2,0.10702944,Low,0,902.4000000000001,96.58336486816407,8.048613739013673,Medium
9405-GPBBG,64,110.5,0.07277069,Low,0,1326.0,96.49393813312054,8.041161511093378,Medium
7789-CRUVC,61,94.2,0.08521253,Low,0,1130.4,96.32424244880677,8.027020204067231,Medium
6445-TNRXS,68,114.7,0.06995946,Low,0,1376.4,96.29220306873322,8.024350255727768,Medium
1493-AMTIE,1,20.2,0.39711267,Medium,1,242.39999999999998,96.26011061668395,8.021675884723663,Medium
6734-FQAJX,67,105.05,0.075513005,Low,0,1260.6,95.19169442653656,7.9326412022113795,Medium
4323-SADQS,7,34.5,0.22652416,Low,1,414.0,93.78100195527077,7.815083496272564,Medium
9820-RMCQV,11,48.55,0.16040944,Low,1,582.5999999999999,93.45453719794749,7.787878099828958,Medium
5671-RQRLP,70,75.65,0.10274537,Low,0,907.8000000000001,93.27224604785442,7.772687170654536,Medium
7690-KPNCU,64,73.05,0.10621161,Low,0,876.5999999999999,93.10509744733571,7.75875812061131,Medium
4892-VLANZ,1,19.8,0.38761202,Medium,1,237.60000000000002,92.09661476612092,7.674717897176743,Medium
6890-PFRQX,18,69.5,0.11037621,Low,0,834.0,92.0537583231926,7.671146526932716,Medium
1852-XEMDW,22,65.05,0.11770337,Low,0,780.5999999999999,91.87925120741127,7.656604267284274,Medium
5951-AOFIH,33,66.4,0.11510267,Low,0,796.8000000000001,91.71380832195283,7.642817360162736,Medium
9115-YQHGA,40,51.1,0.14925854,Low,0,613.2,91.52533616423608,7.627111347019673,Medium
5514-YQENT,41,111.15,0.06814398,Low,0,1333.8000000000002,90.8904388099909,7.574203234165907,Medium
4785-QRJHC,46,59.9,0.12533282,Low,1,718.8,90.08922917246818,7.507435764372349,Medium
6682-QJDGB,40,55.25,0.13581002,Low,1,663.0,90.04204165935516,7.50350347161293,Medium
7233-IOQNP,43,34.0,0.22027346,Low,0,408.0,89.87157368659973,7.489297807216644,Medium
4524-QCSSM,26,44.65,0.16745359,Low,0,535.8,89.72163194417952,7.476802662014961,Medium
1131-SUEKT,61,98.45,0.07583983,Low,0,1181.4,89.5971780270338,7.466431502252817,Medium
2323-ARSVR,67,111.05,0.067185216,Low,0,1332.6,89.53101837784051,7.460918198153377,Medium
3487-EARAT,70,74.1,0.100651786,Low,0,889.1999999999999,89.49956787228584,7.458297322690487,Medium
0254-KCJGT,52,81.4,0.09162401,Low,0,976.8000000000001,89.49832967519761,7.458194139599801,Medium
7629-WIXZF,7,59.1,0.12457252,Low,0,709.2,88.34683326780797,7.3622361056506636,Medium
6286-SUUWT,1,19.95,0.36730057,Medium,0,239.39999999999998,87.93175646066665,7.3276463717222216,Medium
5766-ZJYBB,1,19.4,0.3746413,Medium,1,232.79999999999998,87.21649446487426,7.268041205406188,Medium
7691-XVTZH,68,89.95,0.08032212,Low,0,1079.4,86.69969267249108,7.224974389374256,Medium
5533-RJFTJ,49,30.2,0.23683715,Low,0,362.4,85.82978267669677,7.152481889724731,Medium
1559-DTODC,19,25.15,0.28416887,Medium,0,301.79999999999995,85.76216474175452,7.146847061812878,Medium
3413-CSSTH,41,55.7,0.12817667,Low,0,668.4000000000001,85.67328906655312,7.139440755546094,Medium
9330-VOFSZ,60,110.8,0.064148456,Low,0,1329.6,85.2917869091034,7.1076489090919495,Medium
4013-GUXND,1,20.8,0.3408541,Medium,0,249.60000000000002,85.07718544006349,7.089765453338623,Medium
9565-JSNFM,38,70.45,0.100350775,Low,1,845.4000000000001,84.83654503673316,7.069712086394429,Medium
2250-IVBWA,64,81.05,0.086892426,Low,0,972.5999999999999,84.5115735411644,7.042631128430366,Medium
8749-CLJXC,1,20.05,0.35121897,Medium,0,240.60000000000002,84.5032838523388,7.041940321028233,Medium
7654-YWJUF,43,84.25,0.08319076,Low,0,1011.0,84.1058598831296,7.008821656927466,Medium
2746-DIJLO,41,56.3,0.12447513,Low,0,675.5999999999999,84.09539711773394,7.007949759811162,Medium
9128-CPXKI,59,95.8,0.072682925,Low,0,1149.6,83.5562900841236,6.963024173676968,Medium
3780-DDGSE,35,76.05,0.09152666,Low,0,912.5999999999999,83.52722749114035,6.960602290928364,Medium
2212-LYASK,27,45.85,0.15092152,Low,0,550.2,83.03702226877213,6.91975185573101,Medium
4945-RVMTE,28,59.55,0.115935594,Low,0,714.5999999999999,82.84757536053657,6.903964613378047,Medium
0733-VUNUW,24,55.65,0.12395827,Low,1,667.8,82.77933088392018,6.898277573660016,Medium
4003-FUSHP,19,61.55,0.11158015,Low,0,738.5999999999999,82.41309756338595,6.867758130282163,Medium
0377-JBKKT,22,57.95,0.11823822,Low,0,695.4000000000001,82.22285688668491,6.8519047405570745,Medium
3096-WPXBT,61,100.7,0.067887954,Low,0,1208.4,82.0358041137457,6.836317009478807,Medium
5446-DKWYW,61,65.2,0.10456857,Low,0,782.4000000000001,81.81444983482362,6.817870819568634,Medium
2972-YDYUW,57,94.7,0.07159377,Low,0,1136.4,81.35915897190571,6.779929914325476,Medium
2843-CQMEG,24,49.7,0.13621117,Low,0,596.4000000000001,81.23634282946588,6.769695235788823,Medium
4701-AHWMW,55,54.55,0.122999884,Low,1,654.5999999999999,80.51572418957947,6.709643682464957,Medium
0447-BEMNG,48,45.3,0.14786017,Low,1,543.5999999999999,80.37678809165953,6.698065674304962,Medium
1194-SPVSP,1,19.65,0.339761,Medium,0,235.79999999999998,80.11564119458198,6.676303432881832,Medium
5081-NWSUP,10,64.9,0.102689445,Low,0,778.8000000000001,79.97453978061677,6.6645449817180635,Medium
5473-KHBPS,52,95.7,0.06895988,Low,0,1148.4,79.19352262616158,6.599460218846798,Medium
2930-UOTMB,31,65.25,0.10104866,Low,1,783.0,79.12110333144665,6.593425277620554,Medium
7893-IXHRQ,1,20.55,0.32071453,Medium,1,246.60000000000002,79.08820391893387,6.590683659911156,Medium
8620-RJPZN,1,20.7,0.31787416,Medium,0,248.39999999999998,78.95994218587875,6.579995182156563,Medium
0727-BNRLG,69,97.65,0.06736065,Low,0,1171.8000000000002,78.93320618122817,6.577767181769014,Medium
4667-OHGKG,1,19.3,0.33991036,Medium,1,231.60000000000002,78.72323895692826,6.560269913077355,Medium
9013-AQORL,48,45.55,0.1431727,Low,0,546.5999999999999,78.25819576084612,6.521516313403844,Medium
6766-HFKLA,56,103.2,0.06284069,Low,0,1238.4,77.82191383838654,6.485159486532211,Medium
5018-LXQQG,30,66.3,0.09775299,Low,0,795.5999999999999,77.7722775220871,6.481023126840591,Medium
3976-NLDEZ,1,20.6,0.31178957,Medium,0,247.20000000000002,77.07438225746155,6.422865188121796,Medium
9097-ZUBYC,14,48.8,0.13056418,Low,0,585.5999999999999,76.45838556289672,6.371532130241394,Medium
0289-IVARM,35,60.55,0.10521285,Low,0,726.5999999999999,76.44765852391718,6.370638210326433,Medium
9715-WZCLW,71,97.2,0.065419875,Low,0,1166.4,76.30574229955674,6.358811858296394,Medium
3896-RCYYE,67,53.4,0.11902318,Low,0,640.8,76.27005470395088,6.355837891995907,Medium
7750-EYXWZ,12,60.65,0.104389735,Low,0,727.8,75.97484881728887,6.331237401440739,Medium
6773-LQTVT,29,35.65,0.17648618,Low,0,427.79999999999995,75.50078747570514,6.291732289642096,Medium
2533-QVMSK,61,94.1,0.06675687,Low,1,1129.1999999999998,75.38185407221316,6.281821172684431,Medium
4211-MMAZN,1,20.25,0.31016332,Medium,1,243.0,75.3696865439415,6.280807211995125,Medium
7838-LAZFO,45,78.8,0.07970484,Low,0,945.5999999999999,75.36889997720718,6.280741664767265,Medium
8401-EMUWF,42,69.4,0.09032503,Low,0,832.8000000000001,75.22268307209015,6.26855692267418,Medium
0181-RITDD,62,108.15,0.05752155,Low,0,1297.8000000000002,74.65146998763086,6.220955832302571,Medium
3571-DPYUH,58,94.7,0.06511399,Low,0,1136.4,73.99553993940354,6.166294994950294,Medium
5696-CEIQJ,67,103.15,0.059712738,Low,0,1237.8000000000002,73.91242684721948,6.159368903934956,Medium
4759-PXTAN,59,80.1,0.07638339,Low,0,961.1999999999999,73.4197140187025,6.118309501558542,Medium
1264-FUHCX,49,56.3,0.108045794,Low,0,675.5999999999999,72.99573847353457,6.082978206127882,Medium
5236-XMZJY,42,59.65,0.10179936,Low,0,715.8,72.86798289567231,6.072331907972694,Medium
0868-VJRDR,64,104.05,0.058287024,Low,0,1248.6,72.77717878818511,6.064764899015427,Medium
7251-XFOIL,61,89.2,0.06742639,Low,0,1070.4,72.17320886850358,6.014434072375297,Medium
0257-KXZGU,32,62.45,0.096207894,Low,0,749.4000000000001,72.09819605201484,6.008183004334569,Medium
9122-UMROB,1,20.3,0.29482874,Medium,0,243.60000000000002,71.82028173208238,5.985023477673531,Medium
1629-DQQVB,14,50.1,0.11836977,Low,0,601.2,71.16390754580499,5.930325628817082,Medium
3893-JRNFS,68,39.9,0.14832594,Low,0,478.79999999999995,71.01845768094063,5.918204806745052,Medium
9039-RBEEE,39,48.95,0.12078234,Low,1,587.4000000000001,70.94754538983108,5.912295449152589,Medium
5062-CJJKH,25,53.65,0.11016187,Low,0,643.8,70.92221236824989,5.910184364020824,Medium
9289-LBQVU,64,70.15,0.083567746,Low,0,841.8000000000001,70.34732856899501,5.862277380749584,Medium
6900-RBKER,52,89.45,0.06549105,Low,0,1073.4,70.29809358716011,5.858174465596676,Medium
1741-WTPON,56,115.85,0.050014127,Low,0,1390.1999999999998,69.52963941916822,5.7941366182640195,Medium
2541-YGPKE,42,63.7,0.090905085,Low,0,764.4000000000001,69.48784713149071,5.790653927624226,Medium
1963-VAUKV,1,20.4,0.27993846,Medium,1,244.79999999999998,68.52893486022948,5.71074457168579,Medium
2040-OBMLJ,31,81.7,0.06965979,Low,0,980.4000000000001,68.29445996582508,5.691204997152091,Medium
1346-PJWTK,61,94.15,0.06029835,Low,0,1129.8000000000002,68.1250755004585,5.677089625038207,Medium
6968-URWQU,43,56.35,0.10045543,Low,0,676.2,67.92796388268471,5.660663656890392,Medium
3794-NFNCH,30,50.0,0.11226,Low,0,600.0,67.35599935054779,5.6129999458789825,Medium
5240-CAOYT,57,87.55,0.064072765,Low,0,1050.6,67.31484733968972,5.609570611640811,Medium
5271-YNWVR,68,113.15,0.04920152,Low,1,1357.8000000000002,66.80582154393197,5.567151795327664,Medium
7666-WKRON,39,80.45,0.06918415,Low,1,965.4000000000001,66.79037534147501,5.565864611789585,Medium
9633-DENPU,47,58.6,0.0937802,Low,0,703.2,65.94623467326164,5.495519556105137,Medium
1036-GUDCL,60,79.05,0.069445066,Low,0,948.5999999999999,65.87558975368738,5.489632479473948,Medium
9357-UJRUN,24,58.35,0.09324729,Low,0,700.2,65.29175034016372,5.440979195013642,Medium
8400-WZICQ,55,55.7,0.096426986,Low,0,668.4000000000001,64.45179754793645,5.370983128994704,Medium
7239-HZZCX,1,19.75,0.27110273,Medium,1,237.0,64.25134617090225,5.354278847575188,Medium
3930-ZGWVE,1,19.75,0.27110273,Medium,0,237.0,64.25134617090225,5.354278847575188,Medium
9530-GRMJG,70,84.1,0.063442275,Low,0,1009.1999999999999,64.0259438574314,5.335495321452617,Medium
2668-TZSPS,1,20.45,0.2604344,Medium,0,245.39999999999998,63.91059908866882,5.325883257389068,Medium
6933-FHBZC,26,56.05,0.09429852,Low,0,672.5999999999999,63.42518400996923,5.285432000830769,Medium
6713-OKOMC,10,29.75,0.17477068,Low,0,357.0,62.39313384890556,5.19942782074213,Medium
5921-NGYRH,64,73.55,0.07063437,Low,0,882.5999999999999,62.34189719706773,5.195158099755645,Medium
3594-UVONA,35,85.95,0.06035092,Low,1,1031.4,62.24593992456794,5.187161660380662,Medium
2091-MJTFX,30,51.2,0.0998957,Low,1,614.4000000000001,61.37591857910157,5.114659881591797,Medium
3090-QFUVD,1,20.3,0.25154164,Medium,0,243.60000000000002,61.275544559955605,5.1062953799963,Medium
0134-XWXCE,44,74.85,0.068067566,Low,0,898.1999999999999,61.138287386298174,5.094857282191515,Medium
5975-BAICR,36,63.7,0.07991829,Low,0,764.4000000000001,61.08953911364079,5.0907949261367325,Medium
4227-OJHAL,68,73.0,0.06971461,Low,0,876.0,61.07000121474266,5.089166767895222,Medium
9931-KGHOA,46,55.0,0.09246402,Low,0,660.0,61.02625474333763,5.085521228611469,Medium
1707-HABPF,46,91.3,0.055623073,Low,0,1095.6,60.940638922154896,5.078386576846242,Medium
0725-CXOTM,36,89.65,0.05545186,Low,0,1075.8000000000002,59.65510968491436,4.971259140409529,Medium
5566-SOEZD,27,80.65,0.06162542,Low,0,967.8000000000001,59.641082489490515,4.970090207457543,Medium
6568-POCUI,45,95.2,0.051599316,Low,0,1142.4,58.94705893993378,4.912254911661148,Medium
1855-CFULU,4,20.05,0.24398068,Low,0,240.60000000000002,58.70175063014031,4.891812552511692,Medium
5061-PBXFW,32,61.4,0.07832474,Low,0,736.8,57.709670358896254,4.809139196574688,Medium
9480-BQJEI,62,92.3,0.052082203,Low,0,1107.6,57.68624840676784,4.807187367230654,Medium
5049-MUBWG,26,75.0,0.06404672,Low,0,900.0,57.642046362161636,4.80350386351347,Medium
2969-WGHQO,7,69.45,0.06898993,Low,0,833.4000000000001,57.49620977640153,4.7913508147001265,Medium
0997-YTLNY,19,48.8,0.098073125,Low,0,585.5999999999999,57.43162193298339,4.7859684944152825,Medium
9917-KWRBE,41,78.35,0.06100436,Low,0,940.1999999999999,57.35629859045147,4.77969154920429,Medium
8741-LQOBK,46,35.05,0.13631134,Low,0,420.59999999999997,57.33254849016666,4.777712374180555,Medium
0743-HRVFF,51,56.15,0.08450677,Low,0,673.8,56.94066328257322,4.745055273547768,Medium
9040-KZVWO,26,75.5,0.062378287,Low,0,906.0,56.514728307724,4.709560692310333,Medium
3301-VKTGC,68,85.5,0.054971416,Low,0,1026.0,56.40067235380411,4.700056029483676,Medium
8409-WQJUX,25,54.2,0.0865973,Low,0,650.4000000000001,56.322884613275534,4.693573717772961,Medium
7520-HQWJU,66,67.45,0.069213696,Low,0,809.4000000000001,56.021565400064,4.668463783338666,Medium
0440-QEXBZ,44,50.15,0.092689164,Low,0,601.8,55.78033888489008,4.64836157374084,Medium
9374-YOLBJ,1,19.25,0.2400627,Low,0,231.0,55.45448340475559,4.621206950396299,Medium
7017-VFULY,2,20.1,0.22848253,Low,0,241.20000000000002,55.10998612046242,4.592498843371868,Medium
6332-FBZRI,67,69.35,0.066113815,Low,0,832.1999999999999,55.01991660296917,4.58499305024743,Medium
4396-KLSEH,4,19.85,0.2286784,Low,0,238.20000000000002,54.4711961388588,4.5392663449049,Medium
7191-ADRGF,44,54.3,0.08310216,Low,0,651.5999999999999,54.1493669360876,4.512447244673967,Medium
7641-TQFHN,39,100.55,0.043938998,Low,0,1206.6,53.01679514721035,4.41806626226753,Medium
3069-SSVSN,1,25.85,0.17067003,Low,0,310.20000000000005,52.94184408187867,4.411820340156555,Medium
3229-USWAR,34,79.95,0.054941177,Low,0,959.4000000000001,52.71056556701661,4.392547130584717,Medium
4079-VTGLK,30,74.85,0.05862123,Low,0,898.1999999999999,52.65359010323882,4.387799175269901,Medium
5820-PTRYM,56,68.45,0.063370615,Low,0,821.4000000000001,52.05262336134911,4.337718613445759,Medium
6322-HRPFA,49,59.6,0.07227248,Low,0,715.2,51.68927736282349,4.307439780235291,Medium
1730-VFMWO,34,50.2,0.08529832,Low,0,602.4000000000001,51.38370925784112,4.281975771486759,Medium
8034-RYTVV,55,84.25,0.05082041,Low,0,1011.0,51.37943476438522,4.281619563698769,Medium
9052-DHNKM,26,61.55,0.069396034,Low,0,738.5999999999999,51.255910626053804,4.271325885504484,Medium
4819-HJPIW,18,25.15,0.16879289,Low,0,301.79999999999995,50.941693755984296,4.245141146332025,Medium
7854-EKTJL,2,19.6,0.21603544,Low,1,235.20000000000002,50.8115356206894,4.2342946350574495,Medium
9209-NWPGU,44,65.4,0.06353189,Low,0,784.8000000000001,49.85982767343521,4.154985639452935,Medium
1395-OFUWC,43,29.3,0.14155497,Low,0,351.6,49.77072624564171,4.147560520470143,Medium
9972-NKTFD,28,54.65,0.075651385,Low,0,655.8,49.61217821091413,4.134348184242844,Medium
2325-ZUSFD,57,70.1,0.05893194,Low,1,841.1999999999999,49.57354734241962,4.131128945201635,Medium
5204-HMGYF,49,87.2,0.047371175,Low,0,1046.4,49.56919766664505,4.130766472220421,Medium
6242-SGYTS,62,94.95,0.042559084,Low,0,1139.4,48.49181979820133,4.040984983183444,Medium
4223-BKEOR,21,64.85,0.062271968,Low,0,778.1999999999999,48.460045132040975,4.038337094336748,Medium
8646-JCOMS,66,90.55,0.04446342,Low,0,1086.6,48.3139504596591,4.026162538304924,Medium
9640-ZSLDC,53,60.6,0.06606334,Low,0,727.2,48.041258686780935,4.003438223898411,Medium
1568-BEKZM,70,90.05,0.044208974,Low,0,1080.6,47.77221692204475,3.9810180768370627,Medium
9986-BONCE,4,20.95,0.18952148,Low,1,251.39999999999998,47.645699223875994,3.9704749353229998,Medium
0074-HDKDG,25,61.6,0.06332443,Low,0,739.2,46.80941798686982,3.900784832239151,Medium
7853-WNZSY,1,19.75,0.19690698,Low,0,237.0,46.666955173015594,3.888912931084633,Medium
0516-UXRMT,62,92.05,0.04222527,Low,0,1104.6,46.64203485846519,3.886836238205433,Medium
1265-HVPZB,59,66.4,0.05847936,Low,0,796.8000000000001,46.59635503292084,3.883029586076737,Medium
6784-XYJAE,36,55.8,0.069288075,Low,0,669.5999999999999,46.39529500007629,3.866274583339691,Medium
0983-TATYJ,33,51.45,0.0749362,Low,0,617.4000000000001,46.26561213880778,3.8554676782339814,Medium
2408-PSJVE,44,61.9,0.061927047,Low,0,742.8,45.99941023439169,3.8332841861993074,Medium
5161-XEUVX,37,94.3,0.04051479,Low,0,1131.6,45.84653582274913,3.8205446518957613,Medium
9906-NHHVC,65,53.5,0.07115443,Low,0,642.0,45.68114438652992,3.806762032210827,Medium
0628-CNQRM,22,67.5,0.05629121,Low,1,810.0,45.59588123112917,3.799656769260764,Medium
2700-LUEVA,1,20.75,0.1816438,Low,0,249.0,45.22930593788624,3.7691088281571865,Medium
9586-JGQKH,64,105.4,0.03575222,Low,0,1264.8000000000002,45.21940560042859,3.7682838000357153,Medium
0373-AIVNJ,9,39.55,0.09344513,Low,0,474.59999999999997,44.34905855208635,3.6957548793405293,Medium
8782-NUUOL,60,79.0,0.046642177,Low,0,948.0,44.21678361296654,3.6847319677472115,Medium
9720-JJJOR,41,60.3,0.06097369,Low,0,723.5999999999999,44.12056133151054,3.6767134442925453,Medium
8591-TKMZH,59,111.1,0.032914232,Low,0,1333.1999999999998,43.88125471919774,3.6567712265998122,Medium
7471-MQPOS,71,72.9,0.05008379,Low,0,874.8000000000001,43.81329946964979,3.651108289137483,Medium
1545-JFUML,71,99.0,0.036370516,Low,0,1188.0,43.20817279815674,3.6006810665130615,Medium
7971-HLVXI,72,84.5,0.042279553,Low,0,1014.0,42.871466405689716,3.572622200474143,Medium
9777-IQHWP,64,93.4,0.038096737,Low,0,1120.8000000000002,42.69882296025754,3.5582352466881275,Medium
3181-MIZBN,16,19.75,0.17982082,Low,0,237.0,42.61753450334072,3.5514612086117268,Medium
6184-DYUOB,3,19.6,0.17980322,Low,0,235.20000000000002,42.28971791267395,3.5241431593894963,Medium
2308-STERM,2,19.4,0.1813212,Low,0,232.79999999999998,42.21157622337341,3.517631351947784,Medium
0707-HOVVN,70,75.5,0.04629984,Low,0,906.0,41.94765617698431,3.4956380147486925,Medium
6685-GBWJZ,63,70.8,0.04778986,Low,0,849.5999999999999,40.60226549506187,3.3835221245884894,Medium
4654-ULTTN,70,74.8,0.045173902,Low,0,897.5999999999999,40.54809449315071,3.379007874429226,Medium
3396-DKDEL,70,115.15,0.028791893,Low,0,1381.8000000000002,39.784638125449426,3.3153865104541183,Medium
8713-IGZSO,2,24.85,0.13315323,Low,0,298.20000000000005,39.70629317164422,3.3088577643036845,Medium
1525-LNLOJ,66,63.3,0.051849112,Low,0,759.5999999999999,39.384585410356515,3.282048784196377,Medium
1087-UDSIH,3,19.6,0.16723599,Low,1,235.20000000000002,39.33390376567841,3.277825313806534,Medium
9926-PJHDQ,72,76.8,0.04237142,Low,0,921.5999999999999,39.04949913024902,3.2541249275207518,Medium
4160-AMJTL,8,19.65,0.16537037,Low,1,235.79999999999998,38.994334405660624,3.2495278671383856,Medium
9758-MFWGD,48,29.9,0.108433634,Low,0,358.79999999999995,38.90598789453506,3.242165657877922,Medium
4973-RLZVI,30,74.65,0.043232772,Low,0,895.8000000000001,38.72791760489345,3.227326467074454,Medium
0536-ACXIP,72,109.55,0.029328747,Low,0,1314.6,38.5555704396218,3.212964203301817,Medium
6258-NGCNG,7,23.5,0.13659297,Low,0,282.0,38.51921734213829,3.209934778511524,Medium
6194-HBGQN,51,81.15,0.039379295,Low,0,973.8000000000001,38.347557433694604,3.195629786141217,Medium
7560-QJAVJ,70,79.6,0.039968304,Low,0,955.1999999999999,38.17772430181503,3.1814770251512523,Medium
0980-FEXWF,26,50.35,0.06316422,Low,0,604.2,38.163821277022365,3.1803184397518636,Medium
6061-GWWAV,41,70.2,0.045262326,Low,0,842.4000000000001,38.128983047604564,3.177415253967047,Medium
9330-DHBFL,23,66.25,0.047887724,Low,0,795.0,38.0707404948771,3.172561707906425,Medium
9364-YKUVW,15,19.8,0.15855657,Low,0,237.60000000000002,37.673039996624,3.1394199997186663,Medium
1936-CZAKF,49,49.65,0.062457696,Low,0,595.8,37.21229504048824,3.1010245867073536,Medium
6075-QMNRR,52,49.75,0.062084306,Low,0,597.0,37.06433070078492,3.08869422506541,Medium
8582-KRHPJ,50,35.0,0.0875815,Low,0,420.0,36.784230172634125,3.065352514386177,Medium
4981-FLTMF,57,65.2,0.046953958,Low,0,782.4000000000001,36.73677636981011,3.061398030817509,Medium
1271-UODNO,39,53.85,0.056836043,Low,0,646.2,36.72745069786907,3.0606208914890884,Medium
6164-HXUGH,6,19.85,0.15291648,Low,0,238.20000000000002,36.42470461428166,3.035392051190138,Medium
6776-TLWOI,3,19.85,0.15188874,Low,1,238.20000000000002,36.17989859282971,3.0149915494024757,Medium
5155-AZQPB,28,49.9,0.059960417,Low,0,598.8,35.904297968745226,2.992024830728769,Medium
7997-EASSD,63,81.2,0.03645263,Low,0,974.4000000000001,35.51944137811661,2.959953448176384,Medium
3470-OBUET,67,74.0,0.039904226,Low,0,888.0,35.43495234847069,2.9529126957058907,Medium
8992-CEUEN,1,18.85,0.15590286,Low,0,226.20000000000002,35.265227508544925,2.9387689590454102,Medium
3077-RSNTJ,6,19.7,0.14761232,Low,0,236.39999999999998,34.895552068948746,2.9079626724123955,Medium
4648-YPBTM,53,73.9,0.0392699,Low,0,886.8000000000001,34.824548926949504,2.9020457439124585,Medium
2233-TXSIU,17,44.45,0.06452791,Low,0,533.4000000000001,34.41918531507254,2.8682654429227115,Medium
0379-DJQHR,67,81.35,0.035141297,Low,0,976.1999999999999,34.304933823645115,2.8587444853037596,Medium
9359-UGBTK,67,72.35,0.039489057,Low,0,868.1999999999999,34.284399213641876,2.85703326780349,Medium
5825-XJOCM,48,64.4,0.0441024,Low,0,772.8000000000001,34.08233513832093,2.840194594860077,Medium
5753-QQWPW,28,59.9,0.04700034,Low,0,718.8,33.783845195174216,2.8153204329311845,Medium
3594-IVHJZ,2,20.45,0.13677764,Low,0,245.39999999999998,33.56523270606994,2.797102725505829,Medium
4237-CLSMM,2,20.0,0.13866246,Low,0,240.0,33.27898979187012,2.7732491493225098,Medium
4751-ERMAN,72,75.4,0.03653939,Low,0,904.8000000000001,33.06084069013596,2.75507005751133,Medium
1051-GEJLJ,2,19.5,0.1412575,Low,0,234.0,33.05425375699997,2.754521146416664,Medium
9788-YTFGE,7,19.95,0.1373299,Low,0,239.39999999999998,32.87677955031395,2.739731629192829,Medium
6967-PEJLL,37,40.2,0.0680153,Low,0,482.40000000000003,32.81058059334755,2.734215049445629,Medium
1122-YJBCS,69,53.65,0.050773542,Low,0,643.8,32.688006580621,2.7240005483850838,Medium
2511-MORQY,50,54.9,0.04957846,Low,0,658.8,32.66229063123464,2.721857552602887,Medium
4353-HYOJD,27,49.85,0.05446164,Low,0,598.2,32.57895267382264,2.7149127228185534,Medium
1063-DHQJF,69,92.15,0.029176604,Low,0,1105.8000000000002,32.26348870620132,2.6886240588501096,Medium
0178-CIIKR,3,19.95,0.13447048,Low,0,239.39999999999998,32.192232361435885,2.6826860301196573,Medium
3251-YMVWZ,53,24.05,0.11130586,Low,0,288.6,32.12287196516991,2.676905997097492,Medium
3011-WQKSZ,19,20.0,0.13230932,Low,0,240.0,31.754236221313477,2.646186351776123,Medium
3675-EQOZA,5,20.65,0.1274329,Low,0,247.79999999999998,31.57787204682827,2.631489337235689,Medium
8053-WWDRO,6,19.5,0.13469455,Low,1,234.0,31.51852387189865,2.6265436559915543,Medium
1015-OWJKI,1,19.05,0.13497019,Low,0,228.60000000000002,30.854185009002688,2.5711820840835573,Medium
7581-EBBOU,60,70.15,0.03659892,Low,0,841.8000000000001,30.808971548080446,2.5674142956733705,Medium
4086-ATNFV,34,60.8,0.04208151,Low,0,729.5999999999999,30.702668809890742,2.558555734157562,Medium
3733-UOCWF,61,85.55,0.029627275,Low,0,1026.6,30.415360229462383,2.5346133524551986,Medium
2885-HIJDH,69,86.9,0.029000582,Low,0,1042.8000000000002,30.24180709049106,2.520150590874255,Medium
4830-FAXFM,19,24.1,0.1041896,Low,0,289.20000000000005,30.1316314727068,2.510969289392233,Medium
9351-HXDMR,72,110.9,0.022163624,Low,0,1330.8000000000002,29.495350744575266,2.457945895381272,Medium
3055-VTCGS,63,58.55,0.04175924,Low,0,702.5999999999999,29.340042988210914,2.4450035823509095,Medium
9256-JTBNZ,11,20.3,0.11961918,Low,0,243.60000000000002,29.139233037829403,2.4282694198191166,Medium
4693-VWVBO,3,19.55,0.12419797,Low,0,234.60000000000002,29.136843140423302,2.4280702617019414,Medium
5709-LVOEQ,0,80.85,0.030000303,Low,0,970.1999999999999,29.106293912976977,2.4255244927480817,Medium
3354-OADJP,8,54.25,0.044535443,Low,0,651.0,28.992573514580727,2.416047792881727,Medium
2839-RFSQE,2,20.65,0.11646089,Low,1,247.79999999999998,28.859008437395094,2.4049173697829245,Medium
1023-BQXZE,57,74.35,0.03224383,Low,0,892.1999999999999,28.767944430559872,2.397328702546656,Medium
4877-TSOFF,55,75.75,0.03119226,Low,0,909.0,28.35376421548426,2.3628136846236885,Medium
1929-ZCBHE,47,40.3,0.05812802,Low,0,483.59999999999997,28.110711273550987,2.3425592727959152,Medium
2834-JKOOW,15,45.9,0.05063498,Low,0,550.8,27.88974709510803,2.3241455912590028,Medium
2522-WLNSF,34,64.2,0.03599051,Low,0,770.4000000000001,27.72708900868893,2.3105907507240775,Medium
3847-BAERP,10,20.9,0.10987625,Low,0,250.79999999999998,27.556964179873464,2.296413681656122,Medium
0463-WZZKO,3,20.75,0.110360764,Low,0,249.0,27.479830227792263,2.289985852316022,Medium
4717-GHADL,50,79.6,0.028516913,Low,0,955.1999999999999,27.23935513794422,2.2699462614953516,Medium
3694-GLTJM,5,19.65,0.114906214,Low,0,235.79999999999998,27.09488530308008,2.2579071085900067,Medium
3200-MNQTF,67,70.9,0.031171331,Low,0,850.8000000000001,26.520568569749596,2.2100473808124663,Medium
0816-TSPHQ,2,20.75,0.10535369,Low,0,249.0,26.233068980276585,2.1860890816897154,Medium
4039-PIMHX,49,49.8,0.043850854,Low,0,597.5999999999999,26.205270373821254,2.1837725311517713,Medium
9866-OCCKE,72,109.75,0.019895405,Low,0,1317.0,26.202247828245163,2.1835206523537636,Medium
3926-YZVVX,41,50.05,0.043563005,Low,0,600.5999999999999,26.163940552622076,2.1803283793851733,Medium
7032-LMBHI,37,64.65,0.03285564,Low,0,775.8000000000001,25.489406362921002,2.1241171969100834,Medium
7764-BDPEE,3,20.85,0.10122901,Low,0,250.20000000000002,25.32749880552292,2.1106249004602433,Medium
2188-SXWVT,34,55.0,0.038225386,Low,0,660.0,25.228754952549934,2.102396246045828,Medium
6726-NNFWD,71,89.45,0.023176454,Low,0,1073.4,24.877605731785298,2.073133810982108,Medium
4137-JOPHL,50,89.7,0.022877488,Low,0,1076.4,24.625328390300275,2.0521106991916898,Medium
5318-YKDPV,43,79.15,0.025642736,Low,0,949.8000000000001,24.355470542237164,2.0296225451864305,Medium
5457-COLHT,69,80.65,0.025135573,Low,0,967.8000000000001,24.32620754912496,2.0271839624270798,Medium
9412-ARGBX,48,95.5,0.021150425,Low,1,1146.0,24.238387137651443,2.019865594804287,Medium
8869-TORSS,48,60.35,0.03314828,Low,1,724.2,24.0059853002429,2.0004987750202416,Medium
9367-TCUYN,12,20.1,0.09808618,Low,0,241.20000000000002,23.658386206626894,1.9715321838855744,Medium
0076-LVEPS,29,45.0,0.04356639,Low,0,540.0,23.52585107088089,1.9604875892400742,Medium
8690-UPCZI,29,69.05,0.028284939,Low,0,828.5999999999999,23.43690046034753,1.9530750383622943,Medium
6461-PPAXN,35,54.95,0.035222735,Low,0,659.4000000000001,23.225871627777817,1.935489302314818,Medium
5701-GUXDC,26,35.4,0.054611843,Low,0,424.79999999999995,23.19911094009876,1.9332592450082302,Medium
5468-BPMMO,46,19.6,0.09819745,Low,0,235.20000000000002,23.096040880680086,1.924670073390007,Medium
9220-ZNKJI,55,88.8,0.021581782,Low,0,1065.6,22.997546929121015,1.916462244093418,Medium
9070-BCKQP,72,110.15,0.017378628,Low,0,1321.8000000000002,22.971070826053623,1.914255902171135,Medium
2676-SSLTO,49,66.15,0.028765671,Low,0,793.8000000000001,22.834189604222775,1.9028491336852313,Medium
0839-JTCUD,66,89.9,0.021096816,Low,0,1078.8000000000002,22.759245409816508,1.8966037841513754,Medium
7356-AYNJP,4,23.9,0.07923636,Low,0,286.79999999999995,22.724987590312953,1.893748965859413,Medium
2088-IEBAU,68,88.15,0.021466961,Low,0,1057.8000000000002,22.707751483842735,1.892312623653561,Medium
5850-BDWCY,6,20.2,0.09311467,Low,0,242.39999999999998,22.570995193719863,1.8809162661433219,Medium
5498-IBWPI,66,49.4,0.037500642,Low,0,592.8,22.23038071990013,1.8525317266583443,Medium
2877-VDUER,35,40.9,0.045255296,Low,0,490.79999999999995,22.21129924356937,1.850941603630781,Medium
2129-ALKBS,40,26.2,0.06967025,Low,0,314.4,21.90432738661766,1.8253606155514717,Medium
5329-KRDTM,72,77.35,0.023225585,Low,0,928.1999999999999,21.557987995818255,1.7964989996515213,Medium
2061-VVFST,37,19.5,0.09162406,Low,0,234.0,21.44002975523472,1.7866691462695599,Medium
6953-PBDIN,70,72.95,0.024402438,Low,0,875.4000000000001,21.361893990263344,1.7801578325219454,Medium
2923-ARZLG,0,19.7,0.08978953,Low,0,236.39999999999998,21.226245394349096,1.768853782862425,Medium
4737-HOBAX,63,79.8,0.022144493,Low,0,957.5999999999999,21.205566224455833,1.7671305187046527,Medium
9610-WCESF,67,43.9,0.039492745,Low,0,526.8,20.80477804094553,1.7337315034121275,Medium
1385-TQOZW,9,20.45,0.084646195,Low,0,245.39999999999998,20.77217629551887,1.7310146912932396,Medium
1784-BXEFA,10,20.55,0.08369872,Low,0,246.60000000000002,20.64010428786278,1.7200086906552314,Medium
9313-CDOGY,38,19.6,0.08635432,Low,0,235.20000000000002,20.310536706447603,1.6925447255373003,Medium
4560-WQAQW,59,68.7,0.024606008,Low,0,824.4000000000001,20.285193063318733,1.6904327552765608,Medium
5442-BXVND,33,24.25,0.06954715,Low,0,291.0,20.238219648599625,1.6865183040499687,Medium
3489-VSFRD,56,60.25,0.027919224,Low,0,723.0,20.18559861369431,1.6821332178078592,Medium
2272-WUSPA,72,110.75,0.015119627,Low,0,1329.0,20.093984439969063,1.6744987033307552,Medium
5297-MDOIR,63,81.15,0.020630663,Low,0,973.8000000000001,20.09013988338411,1.6741783236153425,Medium
7816-VGHTO,6,40.55,0.041085657,Low,0,486.59999999999997,19.992280565947294,1.6660233804956077,Medium
6681-ZSEXG,56,59.5,0.027187526,Low,0,714.0,19.411893725395203,1.6176578104496002,Low
0164-APGRB,72,114.9,0.014069003,Low,0,1378.8000000000002,19.398341409489515,1.6165284507907929,Low
9142-XMYJH,29,19.35,0.0817231,Low,0,232.20000000000002,18.976104153692724,1.581342012807727,Low
2159-TURXX,5,20.05,0.07874212,Low,0,240.60000000000002,18.945353275537492,1.5787794396281243,Low
3623-FQBOX,21,19.95,0.07871995,Low,0,239.39999999999998,18.845556320250033,1.5704630266875028,Low
8777-PVYGU,52,64.3,0.024399621,Low,0,771.5999999999999,18.82674788162112,1.56889565680176,Low
1139-WUOAH,57,53.35,0.029303344,Low,0,640.2,18.76000080741942,1.563333400618285,Low
0866-QLSIR,34,64.4,0.024138004,Low,1,772.8000000000001,18.653849172592164,1.554487431049347,Low
5696-JVVQY,48,70.1,0.022079632,Low,0,841.1999999999999,18.573386174440383,1.5477821812033652,Low
2958-NHPPS,23,20.85,0.07372995,Low,0,250.20000000000002,18.447232791781428,1.537269399315119,Low
6919-ELBGL,72,114.95,0.0133495955,Low,0,1379.4,18.41443200465292,1.534536000387743,Low
0420-TXVSG,66,66.1,0.023173727,Low,0,793.1999999999999,18.38140033185482,1.5317833609879015,Low
3530-VWVGU,22,19.9,0.076423116,Low,0,238.79999999999998,18.249840107560157,1.5208200089633463,Low
3161-ONRWK,60,65.85,0.023060763,Low,0,790.1999999999999,18.22261512391269,1.5185512603260576,Low
7266-GSSJX,11,20.45,0.07388927,Low,0,245.39999999999998,18.13242696225643,1.511035580188036,Low
1729-VLAZJ,10,40.25,0.0372299,Low,0,483.0,17.982041370123625,1.498503447510302,Low
8024-XNAFQ,72,107.4,0.01388794,Low,0,1288.8000000000002,17.89877703934908,1.49156475327909,Low
8727-XDPUD,37,35.8,0.041648638,Low,0,429.59999999999997,17.892254671454427,1.4910212226212023,Low
6013-BHCAW,61,81.0,0.01838819,Low,0,972.0,17.873320072889328,1.489443339407444,Low
9473-CBZOP,28,59.0,0.025090575,Low,0,708.0,17.764127254486084,1.4803439378738403,Low
1744-JHKYS,34,24.7,0.059328455,Low,0,296.4,17.584954203665255,1.465412850305438,Low
6112-KTHFQ,13,19.3,0.07555911,Low,0,231.60000000000002,17.499489748477938,1.4582908123731613,Low
7359-WWYJV,72,114.45,0.012569712,Low,0,1373.4,17.263241834007204,1.438603486167267,Low
6519-ZHPXP,72,108.3,0.013153239,Low,0,1299.6,17.093949603661894,1.4244958003051578,Low
8570-KLJYJ,36,54.45,0.025978634,Low,0,653.4000000000001,16.974439543113114,1.4145366285927594,Low
6814-ZPWFQ,51,25.0,0.056515668,Low,0,300.0,16.954700276255608,1.4128916896879673,Low
2428-ZMCTB,10,19.75,0.07140464,Low,0,237.0,16.92290047556162,1.4102417062968016,Low
0263-FJTQO,50,70.5,0.019884864,Low,0,846.0,16.822594832628965,1.4018829027190804,Low
2987-BJXIK,70,84.7,0.016481271,Low,0,1016.4000000000001,16.751563858240843,1.3959636548534036,Low
8241-JUIQO,61,19.45,0.07115142,Low,0,233.39999999999998,16.606741538643835,1.3838951282203198,Low
9637-CDTKZ,72,114.1,0.012123184,Low,0,1369.1999999999998,16.599063914269205,1.3832553261891007,Low
6374-NTQLP,72,104.1,0.01319925,Low,0,1249.1999999999998,16.488503367081282,1.3740419472567735,Low
7375-WMVMT,71,95.5,0.014183084,Low,0,1146.0,16.2538137473166,1.35448447894305,Low
0979-MOZQI,62,39.0,0.034525447,Low,0,468.0,16.157909005880356,1.3464924171566963,Low
7636-PEPNS,58,44.1,0.030442003,Low,0,529.2,16.109908072650434,1.342492339387536,Low
0788-DXBFY,58,19.55,0.06831979,Low,0,234.60000000000002,16.027822749316694,1.335651895776391,Low
5857-XRECV,2,20.5,0.06513256,Low,0,246.0,16.02260935306549,1.335217446088791,Low
7531-GQHME,12,20.05,0.06639584,Low,0,240.60000000000002,15.974839474260808,1.3312366228550674,Low
7401-JIXNM,54,91.3,0.014519796,Low,0,1095.6,15.907888251543044,1.3256573542952537,Low
0513-RBGPE,37,62.8,0.021032123,Low,0,753.5999999999999,15.849807813763617,1.3208173178136349,Low
2245-ADZFJ,31,80.55,0.016164638,Low,0,966.5999999999999,15.624739189445972,1.3020615991204976,Low
0230-UBYPQ,63,36.1,0.035907906,Low,0,433.20000000000005,15.55530468374491,1.2962753903120756,Low
1088-AUUZZ,56,75.85,0.01694033,Low,0,910.1999999999999,15.419087659567593,1.2849239716306329,Low
9919-FZDED,72,84.1,0.015231883,Low,0,1009.1999999999999,15.372016478329895,1.281001373194158,Low
4946-EDSEW,11,19.25,0.06577471,Low,1,231.0,15.193957775831223,1.2661631479859352,Low
6838-HVLXG,12,20.3,0.061907552,Low,0,243.60000000000002,15.080679711699487,1.2567233093082906,Low
7492-TAFJD,7,38.55,0.032577347,Low,0,462.59999999999997,15.070280726999043,1.2558567272499204,Low
9746-UGFAC,22,20.85,0.05981184,Low,0,250.20000000000002,14.964922792464495,1.2470768993720414,Low
5893-PYOLZ,56,81.8,0.015228901,Low,0,981.5999999999999,14.948689278960227,1.2457241065800189,Low
8626-PTQGE,69,60.05,0.020721622,Low,0,720.5999999999999,14.932000677287578,1.2443333897739648,Low
4702-HDRKD,67,49.35,0.025116868,Low,0,592.2,14.874209417402746,1.2395174514502287,Low
2239-CFOUJ,1,20.4,0.059351686,Low,0,244.79999999999998,14.52929282784462,1.2107744023203848,Low
2649-HWLYB,65,76.15,0.015729386,Low,0,913.8000000000001,14.373513255268337,1.1977927712723613,Low
7279-NMVJC,17,19.9,0.059462175,Low,0,238.79999999999998,14.199567335844039,1.1832972779870032,Low
5702-KVQRD,71,82.55,0.014176584,Low,0,990.5999999999999,14.04332396071404,1.1702769967261701,Low
7338-ERIVA,39,45.05,0.025914364,Low,0,540.5999999999999,14.009304942190644,1.1674420785158872,Low
2171-UDMFD,32,19.45,0.058896083,Low,0,233.39999999999998,13.74634586200118,1.1455288218334316,Low
5751-USDBL,46,81.0,0.013776628,Low,0,972.0,13.390882708132267,1.1159068923443556,Low
9674-EHPPG,46,40.4,0.027594613,Low,0,484.79999999999995,13.377868339419363,1.1148223616182804,Low
1459-QNFQT,70,59.5,0.018659262,Low,0,714.0,13.322713058441877,1.1102260882034898,Low
2954-PIBKO,69,64.15,0.017249161,Low,0,769.8000000000001,13.278404428437353,1.1065337023697794,Low
8915-NNTRC,72,107.7,0.01021777,Low,0,1292.4,13.205445951595904,1.1004538292996586,Low
8457-XIGKN,20,19.6,0.05592612,Low,0,235.20000000000002,13.153823840618134,1.096151986718178,Low
9968-FFVVH,63,68.8,0.015855284,Low,0,825.5999999999999,13.090122807025908,1.090843567252159,Low
6288-CHQJB,54,69.95,0.015526657,Low,0,839.4000000000001,13.033075879700483,1.0860896566417069,Low
3649-JPUGY,72,88.6,0.012215351,Low,0,1063.1999999999998,12.98736092224717,1.082280076853931,Low
5245-VDBUR,52,35.45,0.03044014,Low,0,425.40000000000003,12.949235775321723,1.0791029812768103,Low
9313-QOLTZ,26,20.9,0.050439194,Low,0,250.79999999999998,12.650149816274642,1.0541791513562202,Low
6388-TABGU,62,56.15,0.018608369,Low,0,673.8,12.538318987190722,1.0448599155992269,Low
3646-ITDGM,56,19.7,0.05259008,Low,0,236.39999999999998,12.432294818758963,1.0360245682299136,Low
4521-WFJAI,56,25.95,0.03980593,Low,0,311.4,12.39556663557887,1.032963886298239,Low
6418-HNFED,51,83.25,0.012309143,Low,0,999.0,12.296834176406264,1.0247361813671887,Low
5537-UXXVS,20,19.25,0.052967876,Low,0,231.0,12.235579401254654,1.0196316167712212,Low
5170-PTRKA,49,35.8,0.02828433,Low,0,429.59999999999997,12.150948134064674,1.012579011172056,Low
6203-HBZPA,52,63.9,0.015831284,Low,0,766.8,12.139428743720053,1.0116190619766712,Low
4500-HKANN,23,59.7,0.016791062,Low,0,716.4000000000001,12.029117124527694,1.0024264270439744,Low
9073-ZZIAY,62,86.1,0.011634479,Low,0,1033.1999999999998,12.020743988826869,1.0017286657355726,Low
9298-WGMRW,72,115.5,0.008625051,Low,0,1386.0,11.954320695251226,0.9961933912709355,Low
4121-AGSIN,58,24.5,0.04060627,Low,0,294.0,11.938243813812733,0.9948536511510611,Low
1038-RQOST,19,20.6,0.046953063,Low,0,247.20000000000002,11.606797286868096,0.967233107239008,Low
8590-YFFQO,70,64.95,0.014871422,Low,0,779.4000000000001,11.59078646376729,0.9658988719806075,Low
1386-ZIKUV,7,18.95,0.05036466,Low,0,227.39999999999998,11.452923282980917,0.9544102735817432,Low
9867-XOBQA,21,53.15,0.01790914,Low,0,637.8,11.42244910597801,0.951870758831501,Low
3506-OVLKD,35,26.2,0.03600023,Low,0,314.4,11.318472129106521,0.9432060107588768,Low
8345-MVDYC,45,81.65,0.01147043,Low,0,979.8000000000001,11.238726921379566,0.9365605767816306,Low
8735-NBLWT,9,20.4,0.045876477,Low,0,244.79999999999998,11.23056154847145,0.9358801290392875,Low
7010-ZMVBF,18,20.45,0.045710053,Low,0,245.39999999999998,11.217247078567743,0.9347705898806452,Low
4940-KHCWD,60,37.7,0.024772378,Low,0,452.40000000000003,11.207023664563895,0.9339186387136579,Low
2075-PUEPR,55,19.35,0.048083883,Low,0,232.20000000000002,11.165077581256629,0.9304231317713857,Low
3795-GWTRD,63,75.55,0.012194598,Low,0,906.5999999999999,11.055622631683944,0.9213018859736621,Low
2388-LAESQ,72,114.85,0.008002639,Low,0,1378.1999999999998,11.029236817359923,0.919103068113327,Low
6434-TTGJP,10,53.7,0.017087463,Low,0,644.4000000000001,11.01116134375334,0.9175967786461116,Low
1131-ALZWV,24,24.6,0.036690064,Low,0,295.20000000000005,10.830906826257708,0.9025755688548088,Low
5808-TOTXO,3,20.55,0.04196235,Low,0,246.60000000000002,10.347915916889907,0.8623263264074922,Low
3429-IFLEM,71,77.35,0.01105632,Low,0,928.1999999999999,10.26247604805976,0.8552063373383134,Low
8181-YHCMF,68,60.3,0.01414956,Low,0,723.5999999999999,10.238621371239422,0.8532184476032852,Low
4541-RMRLG,7,19.25,0.043964263,Low,1,231.0,10.155744764953852,0.8463120637461543,Low
1090-ESELR,72,105.5,0.007973566,Low,0,1266.0,10.094534201547503,0.841211183462292,Low
5181-OABFK,56,61.3,0.013697902,Low,0,735.5999999999999,10.076176520437,0.8396813767030835,Low
9755-JHNMN,49,67.4,0.0123489285,Low,0,808.8000000000001,9.987813361734153,0.8323177801445127,Low
2926-JEJJC,8,20.2,0.040874057,Low,0,242.39999999999998,9.90787129998207,0.8256559416651725,Low
7762-ONLJY,6,19.7,0.0411573,Low,0,236.39999999999998,9.729586078226566,0.8107988398522138,Low
4376-KFVRS,72,114.05,0.0070312475,Low,0,1368.6,9.622965308558195,0.801913775713183,Low
9025-ZRPVR,9,18.95,0.042278517,Low,1,227.39999999999998,9.61413477435708,0.80117789786309,Low
7061-OVMIM,30,19.55,0.04081103,Low,0,234.60000000000002,9.574267246574165,0.7978556038811803,Low
8015-IHCGW,72,115.5,0.006676321,Low,0,1386.0,9.253380792215466,0.7711150660179555,Low
8390-FESFV,62,84.5,0.009074942,Low,0,1014.0,9.201991399750113,0.7668326166458428,Low
0298-XACET,52,50.2,0.015136705,Low,0,602.4000000000001,9.118350959569216,0.7598625799641013,Low
4674-HGNUA,71,89.9,0.0084042745,Low,0,1078.8000000000002,9.066531299427153,0.7555442749522627,Low
8909-BOLNL,3,21.2,0.035480823,Low,0,254.39999999999998,9.026321464776991,0.7521934553980827,Low
1716-LSAMB,45,54.65,0.01365516,Low,0,655.8,8.955053680390119,0.7462544733658433,Low
6374-AFWOX,46,65.65,0.011318027,Low,0,787.8000000000001,8.91634170357138,0.743028475297615,Low
4464-JCOLN,2,19.85,0.0368807,Low,1,238.20000000000002,8.784983164072038,0.7320819303393364,Low
3563-SVYLG,68,62.65,0.011649057,Low,0,751.8,8.757761254906654,0.7298134379088879,Low
0017-IUDMW,72,116.8,0.0062203817,Low,0,1401.6,8.718487000465393,0.726540583372116,Low
0056-EPFBG,20,39.4,0.018009208,Low,0,472.79999999999995,8.514753609895706,0.7095628008246422,Low
0121-SNYRK,50,35.4,0.01996137,Low,0,424.79999999999995,8.479590041935444,0.7066325034946203,Low
4299-OPXEJ,56,19.55,0.035884358,Low,0,234.60000000000002,8.418470384180546,0.7015391986817122,Low
6872-HXFNF,64,58.35,0.011829776,Low,0,700.2,8.283208985812962,0.6902674154844135,Low
6283-GITPX,71,76.9,0.008964727,Low,0,922.8000000000001,8.272649800032378,0.6893874833360315,Low
5025-GOOKI,20,18.9,0.03581953,Low,0,226.79999999999998,8.123869514465332,0.6769891262054443,Low
8573-JGCZW,17,19.65,0.03198509,Low,0,235.79999999999998,7.542084029316902,0.6285070024430751,Low
1952-DVVSW,10,20.1,0.031102942,Low,0,241.20000000000002,7.502029683440925,0.6251691402867436,Low
4213-HKBJO,33,25.7,0.024223397,Low,0,308.4,7.470495497435331,0.6225412914529442,Low
2332-TODQS,48,25.05,0.024714269,Low,0,300.6,7.429109184443951,0.6190924320369959,Low
3831-YCPUO,72,109.5,0.0056051225,Low,0,1314.0,7.365131017751992,0.6137609181459993,Low
8809-XKHMD,72,100.55,0.0060058073,Low,0,1206.6,7.246607105154544,0.6038839254295453,Low
3088-FVYWK,53,25.55,0.023405716,Low,0,306.6,7.1761924713850025,0.5980160392820836,Low
3948-KXDUF,66,68.75,0.008665989,Low,0,825.0,7.14944105129689,0.5957867542747408,Low
7311-MQJCH,5,19.55,0.030314637,Low,0,234.60000000000002,7.1118139218539005,0.5926511601544917,Low
7114-AEOZE,60,19.85,0.029629704,Low,0,238.20000000000002,7.0577954001724725,0.5881496166810394,Low
0019-EFAEP,72,101.3,0.0057049957,Low,0,1215.6,6.934992785565554,0.5779160654637963,Low
8580-QVLOC,72,92.45,0.006172747,Low,1,1109.4,6.8480453948490325,0.5706704495707527,Low
9339-FIIJL,72,85.95,0.0066361316,Low,0,1031.4,6.844506085664034,0.5703755071386695,Low
8780-RSYYU,25,19.2,0.02959865,Low,0,230.39999999999998,6.819528865814208,0.5682940721511841,Low
2824-DXNKN,72,71.45,0.007917166,Low,0,857.4000000000001,6.7881779193878184,0.5656814932823181,Low
4537-CIBHB,9,20.25,0.027856605,Low,0,243.0,6.769155045971274,0.5640962538309395,Low
1218-VKFPE,12,19.0,0.02965297,Low,1,228.0,6.760877139866352,0.563406428322196,Low
3508-VLHCZ,71,90.55,0.0061190305,Low,0,1086.6,6.648938571475446,0.5540782142896205,Low
0909-SELIE,61,80.8,0.00680571,Low,0,969.5999999999999,6.598816443979739,0.549901370331645,Low
8779-YIQQA,21,19.8,0.027516436,Low,0,237.60000000000002,6.537905153632165,0.544825429469347,Low
7216-KAOID,41,19.5,0.027335903,Low,0,234.0,6.396601226180792,0.5330501021817327,Low
0057-QBUQH,43,25.1,0.020996518,Low,0,301.20000000000005,6.324151352047921,0.52701261267066,Low
5505-OVWQW,17,20.15,0.025918806,Low,0,241.79999999999998,6.267167283967137,0.5222639403305948,Low
6064-ZATLR,27,52.85,0.009726152,Low,0,634.2,6.168325486779214,0.5140271238982678,Low
6119-SPUDB,46,38.25,0.013402304,Low,0,459.0,6.151657389476895,0.5126381157897413,Low
5619-XZZKR,4,19.95,0.02549585,Low,0,239.39999999999998,6.103706382215022,0.5086421985179186,Low
9385-NXKDA,72,82.65,0.006123989,Low,0,991.8000000000001,6.073772180266679,0.5061476816888899,Low
7998-WNZEM,71,80.6,0.006192817,Low,0,967.1999999999999,5.989692493155598,0.49914104109629986,Low
9483-GCPWE,9,20.1,0.024581352,Low,0,241.20000000000002,5.929022162407637,0.4940851802006364,Low
5863-OOKCL,10,18.85,0.026084442,Low,0,226.20000000000002,5.900300710648299,0.4916917258873582,Low
2967-MXRAV,1,18.8,0.025953898,Low,0,225.60000000000002,5.8551994353532795,0.48793328627943994,Low
4359-INNWN,17,20.05,0.024335347,Low,0,240.60000000000002,5.855084516108037,0.48792370967566967,Low
2907-ILJBN,11,20.6,0.023606965,Low,0,247.20000000000002,5.835641826689244,0.48630348555743697,Low
1133-KXCGE,18,20.1,0.023915565,Low,0,241.20000000000002,5.768434191495181,0.48070284929126506,Low
2150-OEGBV,27,20.1,0.023848029,Low,0,241.20000000000002,5.7521445594728,0.47934537995606663,Low
7157-SMCFK,61,19.75,0.023874601,Low,0,237.0,5.658280519768596,0.471523376647383,Low
6370-ZVHDV,61,25.3,0.018607842,Low,0,303.6,5.649340771883726,0.4707783976569772,Low
9860-LISIZ,34,20.35,0.022916714,Low,0,244.20000000000002,5.596261492744088,0.4663551243953407,Low
6292-TOSSS,50,24.9,0.018677361,Low,0,298.79999999999995,5.58079555928707,0.4650662966072559,Low
9372-TXXPS,60,59.85,0.0074954866,Low,0,718.2,5.383258507121354,0.4486048755934462,Low
8619-IJNDK,71,64.05,0.0069650123,Low,0,768.5999999999999,5.353308445774018,0.4461090371478349,Low
2335-GSODA,23,40.1,0.011066596,Low,0,481.20000000000005,5.325246006622911,0.4437705005519092,Low
3884-UEBXB,67,36.15,0.012261368,Low,0,433.79999999999995,5.318981583416462,0.44324846528470513,Low
3750-YHRYO,7,20.65,0.021380568,Low,0,247.79999999999998,5.298104731366038,0.44150872761383647,Low
5727-MYATE,72,90.8,0.00485196,Low,0,1089.6,5.28669573739171,0.44055797811597586,Low
0123-CRBRT,61,88.1,0.0049340883,Low,0,1057.1999999999998,5.216318179294466,0.43469318160787224,Low
7996-BPXHY,13,25.0,0.017255582,Low,0,300.0,5.176674574613571,0.43138954788446426,Low
6365-HITVU,71,87.25,0.0049299905,Low,0,1047.0,5.161700061522424,0.43014167179353535,Low
3985-HOYPM,26,19.4,0.02198799,Low,0,232.79999999999998,5.1188039660453795,0.42656699717044827,Low
3400-ESFUW,55,57.55,0.0072761946,Low,1,690.5999999999999,5.024940015468745,0.41874500128906217,Low
5313-FPXWG,51,24.6,0.016862217,Low,0,295.20000000000005,4.977726557850838,0.4148105464875698,Low
3967-KXAPS,72,92.3,0.004491842,Low,0,1107.6,4.975164073146879,0.4145970060955733,Low
7649-SIJJF,71,80.1,0.0051622353,Low,0,961.1999999999999,4.961940617859363,0.41349505148828025,Low
7322-OCWHC,72,93.05,0.004376854,Low,0,1116.6,4.887194971181452,0.40726624759845437,Low
3115-CZMZD,0,20.25,0.019953582,Low,0,243.0,4.848720531910658,0.40406004432588816,Low
3071-MVJCD,72,82.3,0.0048518013,Low,0,987.5999999999999,4.791638984531164,0.3993032487109303,Low
8711-LOBKY,59,19.85,0.020030169,Low,0,238.20000000000002,4.771186212077737,0.3975988510064781,Low
2925-VDZHY,72,88.7,0.0044683353,Low,0,1064.4,4.756096098013223,0.39634134150110184,Low
6701-YVNQG,72,88.7,0.0043885554,Low,0,1064.4,4.671178387664259,0.38926486563868823,Low
2990-IAJSV,72,92.0,0.004221238,Low,0,1104.0,4.660246968269348,0.3883539140224457,Low
2892-GESUL,18,19.35,0.019989192,Low,0,232.20000000000002,4.641490495204926,0.3867908746004105,Low
4012-YCFAI,60,61.35,0.006202503,Low,0,736.2,4.5662827877327805,0.3805235656443983,Low
7677-SJJJK,8,19.9,0.018709915,Low,0,238.79999999999998,4.467927644401788,0.37232730370014905,Low
4709-LKHYG,29,20.0,0.018586546,Low,0,240.0,4.460771083831787,0.3717309236526489,Low
9814-AOUDH,53,19.5,0.018964995,Low,0,234.0,4.437808759510517,0.3698173966258764,Low
6134-KWTBV,62,23.4,0.015777733,Low,0,280.79999999999995,4.430387476086616,0.36919895634055133,Low
5519-TEEUH,33,20.15,0.018169845,Low,0,241.79999999999998,4.393468405678868,0.36612236713990565,Low
9067-SQTNS,44,20.6,0.017742954,Low,0,247.20000000000002,4.386058276891709,0.3655048564076424,Low
6349-JDHQP,53,19.85,0.018160706,Low,0,238.20000000000002,4.3258802611380816,0.3604900217615068,Low
0608-JDVEC,50,19.8,0.0178304,Low,0,237.60000000000002,4.236502991616726,0.3530419159680605,Low
3812-LRZIR,27,24.5,0.014400929,Low,0,294.0,4.233873188495636,0.35282276570796967,Low
8314-HTWVE,7,19.85,0.017696692,Low,0,238.20000000000002,4.215351957455278,0.3512793297879398,Low
2320-TZRRH,20,19.5,0.017990228,Low,0,234.0,4.2097133025527,0.35080944187939167,Low
1830-IPXVJ,61,19.75,0.017728958,Low,0,237.0,4.201763112097979,0.3501469260081649,Low
5917-RYRMG,32,19.8,0.0176693,Low,0,237.60000000000002,4.1982255890965465,0.3498521324247122,Low
9648-BCHKM,18,24.65,0.014151902,Low,0,295.79999999999995,4.186132593266665,0.34884438277222213,Low
0463-TXOAK,52,25.6,0.013506374,Low,0,307.20000000000005,4.149158191680908,0.3457631826400757,Low
2788-CJQAQ,13,19.45,0.01769045,Low,0,233.39999999999998,4.12895101904869,0.3440792515873909,Low
1776-SPBWV,34,20.1,0.01708768,Low,0,241.20000000000002,4.121548260748387,0.34346235506236555,Low
4698-KVLLG,51,19.6,0.017462682,Low,0,235.20000000000002,4.107222801446915,0.34226856678724293,Low
7632-YUTXB,25,20.05,0.016992612,Low,0,240.60000000000002,4.088422401621938,0.3407018668018282,Low
2984-RGEYA,69,19.75,0.017233925,Low,0,237.0,4.0844402108341455,0.34037001756951213,Low
9108-EQPNQ,10,26.1,0.012911536,Low,0,313.20000000000005,4.0438930124044425,0.33699108436703684,Low
0048-PIHNL,49,20.45,0.016409049,Low,0,245.39999999999998,4.026780578121542,0.3355650481767952,Low
7649-PHJVR,11,19.5,0.017132418,Low,0,234.0,4.0089858658611774,0.33408215548843145,Low
6164-HAQTX,71,53.95,0.0061725774,Low,0,647.4000000000001,3.9961265989579267,0.33301054991316054,Low
9114-DPSIA,72,81.0,0.004073005,Low,0,972.0,3.9589610248804092,0.3299134187400341,Low
6625-FLENO,58,20.75,0.015819542,Low,0,249.0,3.9390659853816032,0.32825549878180027,Low
7337-CINUD,8,19.5,0.016798316,Low,0,234.0,3.930805843323469,0.3275671536102891,Low
4018-PPNDW,61,24.1,0.013465539,Low,0,289.20000000000005,3.894233769178391,0.3245194807648659,Low
2632-TACXW,62,23.65,0.013382703,Low,0,283.79999999999995,3.7980111300945274,0.31650092750787734,Low
2266-FUBDZ,15,19.35,0.016344192,Low,0,232.20000000000002,3.795121267810464,0.31626010565087204,Low
8338-QIUNR,72,66.5,0.0046579787,Low,0,798.0,3.717066968791187,0.3097555807325989,Low
8717-VCTXJ,42,19.55,0.015598547,Low,0,234.60000000000002,3.65941905900836,0.3049515882506967,Low
5324-KTGCG,71,20.85,0.014307835,Low,0,250.20000000000002,3.5798203518614176,0.29831836265511813,Low
7408-OFWXJ,72,89.8,0.0032937261,Low,0,1077.6,3.5493192750960585,0.2957766062580049,Low
6096-EGVTU,64,24.9,0.011565195,Low,0,298.79999999999995,3.455680384486913,0.28797336537390944,Low
6248-BSHKG,61,20.4,0.014068401,Low,0,244.79999999999998,3.44394466727972,0.28699538893997667,Low
0769-MURVM,72,65.7,0.0043586786,Low,0,788.4000000000001,3.436382200755179,0.28636518339626493,Low
3913-FCUUW,72,70.45,0.004028636,Low,0,845.4000000000001,3.405808900482953,0.2838174083735794,Low
2616-FLVQC,64,19.55,0.014481684,Low,0,234.60000000000002,3.3974031116813426,0.2831169259734452,Low
3125-RAHBV,22,20.3,0.013856818,Low,0,243.60000000000002,3.3755208570510153,0.28129340475425124,Low
9030-QGZNL,8,20.85,0.013064112,Low,0,250.20000000000002,3.2686407180503014,0.27238672650419177,Low
0052-YNYOT,67,20.55,0.013054137,Low,0,246.60000000000002,3.219150213338435,0.2682625177782029,Low
1709-EJDOX,47,19.75,0.013290767,Low,0,237.0,3.149911690503359,0.2624926408752799,Low
0562-FGDCR,72,74.55,0.0034720364,Low,0,894.5999999999999,3.1060838074889032,0.2588403172907419,Low
2346-LOCWC,58,20.5,0.012596758,Low,0,246.0,3.098802488297224,0.25823354069143534,Low
4955-VCWBI,43,20.0,0.012859455,Low,0,240.0,3.086269274353981,0.2571891061961651,Low
6527-PZFPV,24,20.8,0.012176954,Low,0,249.60000000000002,3.0393677651882176,0.2532806470990181,Low
8129-GMVGI,56,20.05,0.012579185,Low,0,240.60000000000002,3.0265519006177786,0.2522126583848149,Low
1227-UDMZR,72,91.15,0.0027660537,Low,0,1093.8000000000002,3.0255094910971825,0.25212579092476517,Low
5495-GPSRW,20,19.7,0.012680139,Low,0,236.39999999999998,2.9975849524140354,0.24979874603450297,Low
3511-BFTJW,72,38.5,0.006416826,Low,0,462.0,2.9645736319944263,0.2470478026662022,Low
5063-IUOKK,13,19.75,0.012494082,Low,0,237.0,2.9610973466187716,0.24675811221823096,Low
0301-FIDRB,72,63.8,0.0038580345,Low,0,765.5999999999999,2.9537112124264238,0.2461426010355353,Low
3027-YNWZU,64,25.0,0.009735199,Low,0,300.0,2.9205596074461937,0.2433799672871828,Low
5924-SNGKP,41,20.25,0.011964807,Low,0,243.0,2.9074481707066298,0.2422873475588858,Low
4785-FCIFB,61,24.4,0.009836226,Low,0,292.79999999999995,2.8800469055771822,0.24000390879809855,Low
1494-EJZDW,10,20.15,0.011891507,Low,0,241.79999999999998,2.8753662988543507,0.23961385823786258,Low
0732-OCQOC,52,25.05,0.009559431,Low,0,300.6,2.8735649926587943,0.23946374938823284,Low
1697-LYYYX,61,19.1,0.012374602,Low,0,229.20000000000002,2.836258837580681,0.23635490313172342,Low
2812-REYAT,49,20.05,0.011722064,Low,0,240.60000000000002,2.8203285131603484,0.23502737609669566,Low
8763-KIAFH,27,20.55,0.01132076,Low,0,246.60000000000002,2.7916993031278254,0.23264160859398544,Low
4742-TXUEX,47,19.3,0.012015154,Low,0,231.60000000000002,2.782709586247802,0.23189246552065015,Low
2230-XTUWL,48,19.55,0.011808429,Low,0,234.60000000000002,2.7702574230730534,0.2308547852560878,Low
5266-PFRQK,52,20.85,0.011055579,Low,0,250.20000000000002,2.7661059681326154,0.23050883067771794,Low
4962-CHQPW,29,19.85,0.011351413,Low,0,238.20000000000002,2.7039065988734365,0.22532554990611972,Low
9286-BHDQG,72,45.25,0.004920598,Low,0,543.0,2.6718847788870335,0.2226570649072528,Low
4779-ZGICK,48,23.55,0.0093797725,Low,0,282.6,2.6507236998528243,0.22089364165440203,Low
0559-CKHUS,29,19.55,0.011241247,Low,0,234.60000000000002,2.6371965335682037,0.21976637779735028,Low
3836-FZSDJ,71,24.85,0.008832799,Low,0,298.20000000000005,2.6339407425373795,0.21949506187811496,Low
5334-AFQJB,72,25.1,0.008723469,Low,0,301.20000000000005,2.6275089986622335,0.21895908322185278,Low
2696-RZVZW,68,25.05,0.008728845,Low,0,300.6,2.6238908205181364,0.21865756837651135,Low
3580-GICBM,61,24.2,0.009025264,Low,0,290.4,2.6209365494549273,0.21841137912124395,Low
9534-NSXEM,26,20.65,0.010480646,Low,0,247.79999999999998,2.597104089707136,0.216425340808928,Low
5666-MBJPT,65,25.1,0.0086015975,Low,0,301.20000000000005,2.590801170095802,0.21590009750798345,Low
9135-HSWOC,64,19.7,0.010797176,Low,0,236.39999999999998,2.5524523068219422,0.2127043589018285,Low
8532-UEFWH,52,25.75,0.008028538,Low,0,309.0,2.480818231590092,0.20673485263250768,Low
8219-VYBVI,39,25.0,0.008266178,Low,0,300.0,2.4798533879220486,0.20665444899350405,Low
1047-RNXZV,43,19.55,0.010557361,Low,0,234.60000000000002,2.4767568781971936,0.20639640651643276,Low
4530-NDRKU,42,19.05,0.010806571,Low,0,228.60000000000002,2.470382075943053,0.2058651729952544,Low
3705-PSNGL,45,20.4,0.010053502,Low,1,244.79999999999998,2.4610973864793775,0.20509144887328146,Low
5803-NQJZO,72,67.8,0.0029869739,Low,0,813.5999999999999,2.4302019244059916,0.20251682703383267,Low
8590-OHDIW,38,20.3,0.009930941,Low,0,243.60000000000002,2.419177294895053,0.20159810790792107,Low
8430-TWCBX,49,20.7,0.00973593,Low,0,248.39999999999998,2.418404957279563,0.20153374643996358,Low
8347-GDTMP,64,19.45,0.010152723,Low,0,233.39999999999998,2.369645480252802,0.19747045668773353,Low
6848-HJTXY,64,19.45,0.010152723,Low,0,233.39999999999998,2.369645480252802,0.19747045668773353,Low
6080-LNESI,51,24.75,0.007957408,Low,0,297.0,2.363350236788392,0.19694585306569934,Low
2263-SFSQZ,51,24.95,0.007789708,Low,0,299.4,2.332238637562841,0.19435321979690343,Low
6598-RFFVI,2,19.3,0.010018667,Low,1,231.60000000000002,2.3203233249485495,0.19336027707904577,Low
8207-VVMYB,70,26.0,0.0073904493,Low,0,312.0,2.3058201782405376,0.1921516815200448,Low
5469-NUJUR,19,19.95,0.009501187,Low,0,239.39999999999998,2.2745841991156337,0.18954868325963617,Low
5380-XPJNZ,38,20.05,0.00945254,Low,0,240.60000000000002,2.2742812268435957,0.18952343557029963,Low
4825-FUREZ,42,20.25,0.00923697,Low,0,243.0,2.244583706371486,0.18704864219762385,Low
2525-GVKQU,60,20.6,0.009024369,Low,0,247.20000000000002,2.2308239176869393,0.1859019931405783,Low
2805-AUFQN,25,19.8,0.009270654,Low,0,237.60000000000002,2.2027074046432973,0.18355895038694145,Low
4703-MQYKT,21,19.6,0.00923539,Low,0,235.20000000000002,2.172163836658001,0.1810136530548334,Low
7729-XBTWX,66,19.75,0.009119094,Low,0,237.0,2.1612253608182073,0.18010211340151727,Low
6223-DHJGV,42,20.65,0.008718272,Low,0,247.79999999999998,2.1603877371177074,0.18003231142647563,Low
9824-QCJPK,36,20.0,0.008949921,Low,0,240.0,2.1479809284210205,0.1789984107017517,Low
1945-XISKS,67,19.65,0.009055286,Low,0,235.79999999999998,2.1352363714948295,0.1779363642912358,Low
3910-MRQOY,72,19.4,0.009071045,Low,0,232.79999999999998,2.1117391884326935,0.17597826570272446,Low
3865-ZFZIB,19,19.65,0.0088896835,Low,0,235.79999999999998,2.0961873745545745,0.1746822812128812,Low
0164-XAIRP,24,19.55,0.008905427,Low,0,234.60000000000002,2.0892130801454187,0.17410109001211824,Low
8292-ITGYJ,45,24.65,0.006850084,Low,0,295.79999999999995,2.0262547952122985,0.16885456626769155,Low
1862-QRWPE,48,20.65,0.0081401905,Low,0,247.79999999999998,2.017139207012951,0.16809493391774594,Low
7515-LODFU,69,20.3,0.008132055,Low,0,243.60000000000002,1.9809686958789827,0.16508072465658188,Low
4335-UPJSI,24,19.75,0.008222014,Low,0,237.0,1.9486172497272491,0.1623847708106041,Low
5057-RKGLH,9,20.35,0.0077990787,Low,0,244.20000000000002,1.9045350210741163,0.15871125175617637,Low
1767-CJKBA,66,25.1,0.006290444,Low,0,301.20000000000005,1.8946817848831419,0.1578901487402618,Low
9548-LERKT,24,19.75,0.007895607,Low,0,237.0,1.8712587570771575,0.1559382297564298,Low
0307-BCOPK,16,19.05,0.008177373,Low,0,228.60000000000002,1.8693473825231197,0.15577894854359328,Low
0397-ZXWQF,67,20.5,0.007503142,Low,0,246.0,1.8457729602232575,0.15381441335193813,Low
9537-JALFH,69,19.9,0.007710521,Low,0,238.79999999999998,1.8412724409252403,0.15343937007710337,Low
7717-BICXI,60,20.55,0.007460223,Low,0,246.60000000000002,1.8396910029463471,0.15330758357886226,Low
3454-JFUBC,68,20.0,0.0076619727,Low,0,240.0,1.8388734385371208,0.15323945321142673,Low
3982-JGSFD,36,20.35,0.007472471,Low,0,244.20000000000002,1.824777386058122,0.15206478217151018,Low
8173-RXAYP,24,19.7,0.0075979806,Low,0,236.39999999999998,1.7961626032367346,0.14968021693639458,Low
3978-YNKDD,19,20.85,0.007108419,Low,0,250.20000000000002,1.7785264844074846,0.1482105403672904,Low
3717-FDJFU,5,20.45,0.007244216,Low,0,245.39999999999998,1.7777305603958664,0.14814421336632222,Low
6169-PPETC,35,20.5,0.0068625105,Low,0,246.0,1.6881775734946132,0.14068146445788443,Low
0040-HALCW,54,20.4,0.0067788656,Low,0,244.79999999999998,1.6594662956893442,0.13828885797411203,Low
0962-CQPWQ,62,20.3,0.006543126,Low,0,243.60000000000002,1.5939054831862451,0.13282545693218709,Low
7167-PCEYD,67,19.8,0.0065439567,Low,0,237.60000000000002,1.5548441112041476,0.1295703426003456,Low
8735-SDUFN,72,24.3,0.0053185965,Low,0,291.6,1.5509027374908329,0.12924189479090273,Low
1166-PQLGG,72,19.55,0.006602973,Low,0,234.60000000000002,1.5490575154311956,0.12908812628593297,Low
6698-OXETB,11,20.4,0.006188147,Low,0,244.79999999999998,1.514858329296112,0.12623819410800932,Low
3967-VQOGC,67,24.9,0.0049999687,Low,0,298.79999999999995,1.4939906442537902,0.12449922035448252,Low
4302-ZYFEL,69,20.55,0.0058746543,Low,0,246.60000000000002,1.4486897449940443,0.12072414541617037,Low
1085-LDWAM,69,20.35,0.005861661,Low,0,244.20000000000002,1.431417599413544,0.11928479995112867,Low
7602-DBTOU,71,19.6,0.0060631,Low,0,235.20000000000002,1.4260411083698274,0.11883675903081894,Low
4735-BJKOU,40,20.15,0.005853569,Low,0,241.79999999999998,1.415393016859889,0.11794941807165742,Low
5774-QPLTF,50,20.35,0.0057751792,Low,0,244.20000000000002,1.4102987724356355,0.11752489770296962,Low
8028-PNXHQ,62,24.25,0.00477365,Low,0,291.0,1.389132107142359,0.11576100892852992,Low
1705-GUHPV,63,24.2,0.0047785477,Low,0,290.4,1.387690245732665,0.11564085381105542,Low
7205-BAIAD,40,20.6,0.00556287,Low,0,247.20000000000002,1.3751414224505425,0.11459511853754521,Low
1574-DYCWE,51,19.95,0.005611614,Low,0,239.39999999999998,1.343420357722789,0.11195169647689908,Low
3642-BYHDO,71,19.9,0.005615801,Low,0,238.79999999999998,1.3410532990470527,0.1117544415872544,Low
7369-TRPFD,19,18.8,0.005746567,Low,0,225.60000000000002,1.2964255504310132,0.10803546253591777,Low
9945-PSVIP,25,18.7,0.0057338583,Low,0,224.39999999999998,1.2866778088733553,0.10722315073944629,Low
8165-ZJRNM,72,23.75,0.004295817,Low,0,285.0,1.2243078765459359,0.10202565637882799,Low
5296-BFCYD,46,20.1,0.0050650397,Low,0,241.20000000000002,1.2216875832527876,0.10180729860439898,Low
2169-RRLFW,71,25.6,0.003941266,Low,0,307.20000000000005,1.2107568740844727,0.10089640617370606,Low
8224-KDLKN,72,25.0,0.0040120594,Low,0,300.0,1.2036178261041641,0.10030148550868034,Low
5845-BZZIB,35,20.1,0.004884298,Low,0,241.20000000000002,1.1780926678329706,0.0981743889860809,Low
6340-DACFT,50,20.55,0.004731382,Low,0,246.60000000000002,1.1667587463743985,0.09722989553119987,Low
4277-BWBML,72,19.95,0.004711321,Low,0,239.39999999999998,1.1278902688063681,0.09399085573386401,Low
0625-AFOHS,29,20.2,0.004634405,Low,0,242.39999999999998,1.1233797769993543,0.09361498141661286,Low
3970-XGJDU,62,19.2,0.0048697344,Low,0,230.39999999999998,1.1219868063926697,0.09349890053272247,Low
0402-OAMEN,72,24.45,0.0037597888,Low,0,293.4,1.1031220383010805,0.09192683652509004,Low
6345-FZOQH,69,19.9,0.0045740074,Low,0,238.79999999999998,1.0922729562968014,0.09102274635806679,Low
8873-TMKGR,29,19.1,0.0047377744,Low,0,229.20000000000002,1.085897886939347,0.0904914905782789,Low
1555-HAPSU,71,23.9,0.0037597013,Low,0,286.79999999999995,1.0782823244109747,0.08985686036758124,Low
0174-QRVVY,71,25.35,0.0033793591,Low,0,304.20000000000005,1.0280010512564333,0.08566675427136944,Low
2236-HILPA,62,20.65,0.0039825556,Low,0,247.79999999999998,0.9868772744201123,0.08223977286834269,Low
9588-YRFHY,49,19.9,0.0040292866,Low,0,238.79999999999998,0.9621936304494738,0.08018280253745615,Low
8701-DGLVH,51,20.45,0.003611817,Low,0,245.39999999999998,0.8863398978486656,0.07386165815405547,Low
1820-DJFPH,72,24.05,0.0029078366,Low,0,288.6,0.8392016361001879,0.06993346967501567,Low
4312-KFRXN,72,25.4,0.0026287558,Low,0,304.79999999999995,0.8012447543442248,0.06677039619535208,Low
6917-FIJHC,72,26.0,0.0025464504,Low,0,312.0,0.7944925110787153,0.06620770925655961,Low
1926-QUZNN,72,25.25,0.0025962095,Low,0,303.0,0.7866514858324081,0.065554290486034,Low
6823-SIDFQ,28,18.25,0.0035892327,Low,0,219.0,0.7860419580247253,0.06550349650206044,Low
9430-NKQLY,72,25.1,0.0025867093,Low,0,301.20000000000005,0.7791168518364431,0.06492640431970358,Low
1403-GYAFU,70,20.05,0.0031772556,Low,0,240.60000000000002,0.764447703352198,0.06370397527934983,Low
0794-YVSGE,72,20.3,0.0030264116,Low,0,243.60000000000002,0.7372338744811714,0.061436156206764285,Low
9950-MTGYX,28,20.3,0.0028906255,Low,0,243.60000000000002,0.7041563725098968,0.05867969770915806,Low
9365-CSLBQ,71,24.35,0.0021098033,Low,0,292.20000000000005,0.6164845123887063,0.05137370936572552,Low
7606-BPHHN,72,19.8,0.0025418438,Low,0,237.60000000000002,0.6039420872926713,0.05032850727438927,Low
4086-WITJG,71,19.7,0.0025455833,Low,0,236.39999999999998,0.6017758908681571,0.050147990905679764,Low
0480-KYJVA,72,24.25,0.0019518844,Low,0,291.0,0.5679983493173495,0.04733319577644579,Low
4821-WQOYN,72,20.1,0.002185804,Low,0,241.20000000000002,0.5272159419022501,0.04393466182518751,Low
1927-QEWMY,72,20.5,0.0019931498,Low,0,246.0,0.49031483894214034,0.04085956991184503,Low
